citation_key,claim_id,manuscript_location,verified_scholarly_identifier,source_locator,support_paraphrase,evidence_sha256,verification_status
r44,RW-R44,paper/main.tex:62,DOI:10.1109/PROC.1980.11805,https://doi.org/10.1109/PROC.1980.11805,"Long-lived software changes because useful systems adapt to new environments, requirements, and dependencies \cite{r44}.",ff3cabeb756ac0811ea330998b4e652fbb04f6cb93fb0a047f586d07f8bd2654,MANUALLY_VERIFIED_EXACT_METADATA_AND_LOCAL_SUPPORT
r17,RW-R17,paper/main.tex:62,DBLP:conf/popl/CollbergT99,https://dblp.org/rec/conf/popl/CollbergT99,Code watermarking instead begins with an identifier embedded for later detection under a chosen representation and attack model \cite{r17}.,b8bdfdc924fd8bf5c3f1432d598dbd4e2503dae01d19a0426783da6281add9cc,MANUALLY_VERIFIED_EXACT_METADATA_AND_LOCAL_SUPPORT
r18,RW-R18,paper/main.tex:62,DBLP:journals/tse/CollbergT02,https://dblp.org/rec/journals/tse/CollbergT02,"Software-protection work covers watermarking, tamper-proofing, and obfuscation \cite{r18}.",31a9d71efe0747af531549ecdd20ea7ba0ea2af3e58fcbfe270ac11979a99a5b,MANUALLY_VERIFIED_EXACT_METADATA_AND_LOCAL_SUPPORT
r51,RW-R51,paper/main.tex:64,DBLP:journals/tse/Murphy-HillPB12,https://dblp.org/rec/journals/tse/Murphy-HillPB12,Refactoring practice mixes manual and tool-assisted changes \cite{r51}.,e76c9c364e44d39e4974b55a4b2b379fc81536d66f4ed6d5730b7f6c23f43d9e,MANUALLY_VERIFIED_EXACT_METADATA_AND_LOCAL_SUPPORT
r25,RW-R25,paper/main.tex:64,DBLP:journals/smr/DigJ06,https://dblp.org/rec/journals/smr/DigJ06,Interfaces evolve through structural changes that impose migration work even when maintainers intend to preserve behavior \cite{r25}.,b1147b32359897d28a72d7d66aa0b076f5691aa9bfbc705a195bbc3ebd83fcdf,MANUALLY_VERIFIED_EXACT_METADATA_AND_LOCAL_SUPPORT
r32,RW-R32,paper/main.tex:64,DBLP:journals/tse/HeHZZ23,https://dblp.org/rec/journals/tse/HeHZZ23,Dependency bots repeatedly submit update pull requests \cite{r32}.,df21c91dcedb2af3afe92acbb318df0b50e645b30717db18c1e3335990df183e,MANUALLY_VERIFIED_EXACT_METADATA_AND_LOCAL_SUPPORT
r60,RW-R60,paper/main.tex:68,DBLP:conf/tacas/PnueliSS98,https://dblp.org/rec/conf/tacas/PnueliSS98,Translation validation provides the methodological starting point: validate the realized transformation instead of trusting an entire transformer class \cite{r60}.,60b55795f182a412bde66e721a23f9fd8eb5cccba05a9020c4d73430d5673c0b,MANUALLY_VERIFIED_EXACT_METADATA_AND_LOCAL_SUPPORT
r55,RW-R55,paper/main.tex:68,DBLP:conf/pldi/Necula00,https://dblp.org/rec/conf/pldi/Necula00,Translation validation checks a concrete source--target instance \cite{r55}.,dbc48ae695bbedb94c0a20011d3b7d1d1821a268006a6afba8bef98ee7232ff6,MANUALLY_VERIFIED_EXACT_METADATA_AND_LOCAL_SUPPORT
r71,RW-R71,paper/main.tex:68,DBLP:conf/uss/Torres-AriasAKC19,https://dblp.org/rec/conf/uss/Torres-AriasAKC19,"Supply-chain provenance adds the need to bind materials, steps, and products rather than merely describe them \cite{r71}.",8a64556667b091b4d2e4c4eb871afa881e2cfde2bb2ffdbe87177305efb2de8f,MANUALLY_VERIFIED_EXACT_METADATA_AND_LOCAL_SUPPORT
r31,RW-R31,paper/main.tex:68,DOI:10.1002/j.1538-7305.1950.tb00463.x,https://doi.org/10.1002/j.1538-7305.1950.tb00463.x,Hamming distance gives the exact condition under which a partial carrier block fixes one payload \cite{r31}.,f238649c73d048408d007e2bc58731ada49d9274987afb3d777e8806031fd6c4,MANUALLY_VERIFIED_EXACT_METADATA_AND_LOCAL_SUPPORT
r82,RW-R82,paper/main.tex:68,DBLP:conf/popl/Necula97,https://dblp.org/rec/conf/popl/Necula97,Proof-carrying code contributes the complementary principle that producer-supplied evidence is useful only after an independent checker applies an explicit policy \cite{r82}.,69675443da5aeb5691626180fe4e1e08f0ea81f357c3fc31edc27facffdda614,MANUALLY_VERIFIED_EXACT_METADATA_AND_LOCAL_SUPPORT
r14,RW-R14,paper/main.tex:84,DBLP:conf/pldi/CollbergCDHKLS04,https://dblp.org/rec/conf/pldi/CollbergCDHKLS04,Dynamic paths encode identity in execution graphs \cite{r14}.,8eb9e6543edc30aceb17e3db08c371f263269e256ee4fd16084c08b87fad9fa5,MANUALLY_VERIFIED_EXACT_METADATA_AND_LOCAL_SUPPORT
r21,RW-R21,paper/main.tex:84,DBLP:conf/popl/CousotC04,https://dblp.org/rec/conf/popl/CousotC04,Abstract interpretation tracks selected observables through transformations \cite{r21}.,15ee4e1a076562fd1d848cbdf96d65a65e8c2b0400b68da17297c058c03892e3,MANUALLY_VERIFIED_EXACT_METADATA_AND_LOCAL_SUPPORT
r61,RW-R61,paper/main.tex:84,DBLP:journals/mscs/PredaP19,https://dblp.org/rec/journals/mscs/PredaP19,Semantics-based schemes instantiate that relation at a chosen abstraction \cite{r61}.,e4485abc1d867942d5af03cd9f53680f2036106f8a8029c690ba35126b3d850d,MANUALLY_VERIFIED_EXACT_METADATA_AND_LOCAL_SUPPORT
r16,RW-R16,paper/main.tex:84,DBLP:journals/jcs/CollbergS05,https://dblp.org/rec/journals/jcs/CollbergS05,Frequency-domain designs move the signal into another representation \cite{r16}.,5fd492eac57c13af4a30f8ac36c826a7e76583bd57745943ee8cd89c3b207ab2,MANUALLY_VERIFIED_EXACT_METADATA_AND_LOCAL_SUPPORT
r76,RW-R76,paper/main.tex:84,DBLP:conf/ih/VenkatesanVS01,https://dblp.org/rec/conf/ih/VenkatesanVS01,Graph-theoretic constructions make it discrete \cite{r76}.,cf412d96cafe1755e3ef48642ccb07c83bce2695d12ccf4af6049c16154b0c9e,MANUALLY_VERIFIED_EXACT_METADATA_AND_LOCAL_SUPPORT
r15,RW-R15,paper/main.tex:84,DBLP:conf/ih/CollbergHCT04,https://dblp.org/rec/conf/ih/CollbergHCT04,Tool implementations expose capacity and attack trade-offs \cite{r15}.,f99e08e6385e475046c96827a2780a8db5da2dfc2f79a6ad0a72ad16a23bdaac,MANUALLY_VERIFIED_EXACT_METADATA_AND_LOCAL_SUPPORT
r48,RW-R48,paper/main.tex:84,DBLP:conf/compsac/MondenIMTI00,https://dblp.org/rec/conf/compsac/MondenIMTI00,Managed-language experiments show that obfuscation survival must be measured \cite{r48}.,e1547185c966553c968c83a5a58bb630f83da4b540a402e2647a2e4039b39809,MANUALLY_VERIFIED_EXACT_METADATA_AND_LOCAL_SUPPORT
r56,RW-R56,paper/main.tex:84,DBLP:conf/acsac/PalsbergKKMSZ00,https://dblp.org/rec/conf/acsac/PalsbergKKMSZ00,Experience reports tie results to both transformation and detector \cite{r56}.,e3f4f405d5b724c4ec3255d83e8f0cfa23b1948514b905e54facd2b68ceead47,MANUALLY_VERIFIED_EXACT_METADATA_AND_LOCAL_SUPPORT
r54,RW-R54,paper/main.tex:84,DBLP:conf/ih/NagraT04,https://dblp.org/rec/conf/ih/NagraT04,Threaded designs spread state so one local removal is less decisive \cite{r54}.,68e2b53baf3b5efc7455ddcf4dc1a39144bf0b150d1408cc840424ebeaf5da46,MANUALLY_VERIFIED_EXACT_METADATA_AND_LOCAL_SUPPORT
r53,RW-R53,paper/main.tex:86,DBLP:conf/sac/MylesC05,https://dblp.org/rec/conf/sac/MylesC05,Instruction grams give a static theft signature \cite{r53}.,a743f450200b658350bd7cc833725d4f5bd90359dcb1342cd2f31adaa4c25984,MANUALLY_VERIFIED_EXACT_METADATA_AND_LOCAL_SUPPORT
r52,RW-R52,paper/main.tex:86,DBLP:conf/isw/MylesC04,https://dblp.org/rec/conf/isw/MylesC04,Whole-program paths give a dynamic signature \cite{r52}.,6453ab6aefb84d629e6d96f3e3301ed4579be5c36fbad969a15a4aa983e1f00b,MANUALLY_VERIFIED_EXACT_METADATA_AND_LOCAL_SUPPORT
r08,RW-R08,paper/main.tex:86,DBLP:journals/tifs/ChanHY13,https://dblp.org/rec/journals/tifs/ChanHY13,Heap graphs give a structural runtime signature \cite{r08}.,ca54e69fa7c7175f1e512c1f64e427b899311bebbe45a17b5ed3668ae9662aa3,MANUALLY_VERIFIED_EXACT_METADATA_AND_LOCAL_SUPPORT
r12,RW-R12,paper/main.tex:86,DBLP:journals/dam/ChroniNP18,https://dblp.org/rec/journals/dam/ChroniNP18,Reducible permutation graphs encode graph-shaped numbers \cite{r12}.,3bc63e631330e1cc2ba9c42cfd2495a37fdb411eb0e68e8e743f0572cf601f49,MANUALLY_VERIFIED_EXACT_METADATA_AND_LOCAL_SUPPORT
r24,RW-R24,paper/main.tex:86,DOI:10.1007/s41403-018-0058-8,https://doi.org/10.1007/s41403-018-0058-8,A survey states the common boundary: robustness is relative to a carrier and attack model \cite{r24}.,33d027ac8f365c5e58e4737a7e5c101bf32bfa2f39b8066f033766c530ec29b9,MANUALLY_VERIFIED_EXACT_METADATA_AND_LOCAL_SUPPORT
r47,RW-R47,paper/main.tex:89,DBLP:journals/tse/MensT04,https://dblp.org/rec/journals/tse/MensT04,Refactoring research separates behavior-preserving intent from recognizing a concrete edit \cite{r47}.,6af9897940781b9501fc06811b44df775e44bc8a0575e018b820b48758d774c2,MANUALLY_VERIFIED_EXACT_METADATA_AND_LOCAL_SUPPORT
r37,RW-R37,paper/main.tex:89,DBLP:journals/tse/KimZN14,https://dblp.org/rec/journals/tse/KimZN14,Industrial studies also expose coordination costs \cite{r37}.,ea69f2b5ca924f71f22c807a21a9833eec5170e8cb409fc62c291af4642cca89,MANUALLY_VERIFIED_EXACT_METADATA_AND_LOCAL_SUPPORT
r74,RW-R74,paper/main.tex:89,DOI:10.1109/ICSE.2012.6227190,https://doi.org/10.1109/ICSE.2012.6227190,Automated refactorings remain selective enough to be misapplied \cite{r74}.,07ce74d09baa51128ca666cae77a2fb77857ea39e77ad5386ef9569738b583ec,MANUALLY_VERIFIED_EXACT_METADATA_AND_LOCAL_SUPPORT
r73,RW-R73,paper/main.tex:89,DBLP:conf/icse/TsantalisMEMD18,https://dblp.org/rec/conf/icse/TsantalisMEMD18,Commit-level detectors improve candidate mappings \cite{r73}.,b73f5e8f17a7058b9b42fba0df23c54ad7353599ac92596fc94392a626138436,MANUALLY_VERIFIED_EXACT_METADATA_AND_LOCAL_SUPPORT
r68,RW-R68,paper/main.tex:89,DBLP:journals/tse/SilvaSSTV21,https://dblp.org/rec/journals/tse/SilvaSSTV21,Multi-language detectors extend them across more histories \cite{r68}.,d6882596fec33352921e283022db0f4eaae615cf8251ae5ba12595e310e75e00,MANUALLY_VERIFIED_EXACT_METADATA_AND_LOCAL_SUPPORT
r20,RW-R20,paper/main.tex:91,DBLP:conf/sigsoft/CossetteW12,https://dblp.org/rec/conf/sigsoft/CossetteW12,Migration studies find differences between documented and actual client changes \cite{r20}.,4b0d12b2ab18a6f3f68fb5df59251d2288d935e5cf606070bf75a487f357eeb3,MANUALLY_VERIFIED_EXACT_METADATA_AND_LOCAL_SUPPORT
r04,RW-R04,paper/main.tex:91,DBLP:conf/sigsoft/BogartKHT16,https://dblp.org/rec/conf/sigsoft/BogartKHT16,"Interface breakage reflects client cost, not syntax alone \cite{r04}.",f0822661b0877776f37e1803f5b6e8a8c3e31a36510d1b1bc14a5be1f24b6e83,MANUALLY_VERIFIED_EXACT_METADATA_AND_LOCAL_SUPPORT
r38,RW-R38,paper/main.tex:91,DBLP:journals/ese/KulaGOII18,https://dblp.org/rec/journals/ese/KulaGOII18,Developers often lag available releases \cite{r38}.,022b729f08f686e014b75ed55de8a55f03af2334d972d273b97f14f7edf5a200,MANUALLY_VERIFIED_EXACT_METADATA_AND_LOCAL_SUPPORT
r22,RW-R22,paper/main.tex:91,DBLP:journals/ese/DecanMG19,https://dblp.org/rec/journals/ese/DecanMG19,Packaging ecosystems evolve differently \cite{r22}.,6c9bc7ffe05ab43a1a449168515de24657dd3731492ef81bcbc9e8d21bf76f49,MANUALLY_VERIFIED_EXACT_METADATA_AND_LOCAL_SUPPORT
r03,RW-R03,paper/main.tex:91,DBLP:journals/ese/BavotaCPOP15,https://dblp.org/rec/journals/ese/BavotaCPOP15,Large projects therefore upgrade dependencies nonuniformly \cite{r03}.,2a7420f2bcbd6cc7cdcd1f4b2e8cdacfded8dd75165786de099e50f6642f3452,MANUALLY_VERIFIED_EXACT_METADATA_AND_LOCAL_SUPPORT
r62,RW-R62,paper/main.tex:91,DBLP:conf/scam/RaemaekersDV14,https://dblp.org/rec/conf/scam/RaemaekersDV14,Version labels still permit breaking changes \cite{r62}.,7069a35b011ea90e892d7ae1bd8d04fb80dd96e7fc0cec14441c6e759b197c61,MANUALLY_VERIFIED_EXACT_METADATA_AND_LOCAL_SUPPORT
r72,RW-R72,paper/main.tex:91,DBLP:journals/tse/TsantalisKD22,https://dblp.org/rec/journals/tse/TsantalisKD22,"RefactoringMiner 2.0 provides fine-grained candidate correspondences, not release certificates \cite{r72}.",2b3fa2c9c9683e243310512a033f441e147a58c8b229d3fdb7a7de829d4d5fda,MANUALLY_VERIFIED_EXACT_METADATA_AND_LOCAL_SUPPORT
r42,RW-R42,paper/main.tex:93,DBLP:journals/tse/LarsenFBM23,https://dblp.org/rec/journals/tse/LarsenFBM23,Structured merge preserves program structure and formatting \cite{r42}.,5c65325df240d9f6fe17656dc3b6572249f8b947aa345ea586364273e5a3a412,MANUALLY_VERIFIED_EXACT_METADATA_AND_LOCAL_SUPPORT
r33,RW-R33,paper/main.tex:93,DBLP:journals/tse/HorcasSBMZ23,https://dblp.org/rec/journals/tse/HorcasSBMZ23,Consistency-preserving operators maintain configuration validity \cite{r33}.,1e4b44100c3a74cf8dd0e82db43abe21e9d54da8c55e4658c77006e046c9baf3,MANUALLY_VERIFIED_EXACT_METADATA_AND_LOCAL_SUPPORT
r75,RW-R75,paper/main.tex:96,DBLP:journals/scp/EngelenWY04,https://dblp.org/rec/journals/scp/EngelenWY04,Low-level validators check concrete code improvements \cite{r75}.,9475eec04f1cab52123d938dc61c6f89ae406a6b4be08e54b0b47a7d3bc1bfc5,MANUALLY_VERIFIED_EXACT_METADATA_AND_LOCAL_SUPPORT
r46,RW-R46,paper/main.tex:96,DBLP:conf/pldi/LopesLHLR21,https://dblp.org/rec/conf/pldi/LopesLHLR21,Bounded translation validation states the checked domain \cite{r46}.,901cda3ab392f0ea19e0c1c6429d784c2872d3a991ec21b28f106cc2d9ec30bb,MANUALLY_VERIFIED_EXACT_METADATA_AND_LOCAL_SUPPORT
r29,RW-R29,paper/main.tex:96,DBLP:journals/jss/GlockPP24,https://dblp.org/rec/journals/jss/GlockPP24,PASDA reports undecided cases explicitly \cite{r29}.,a6d272c8cb6041e3e775464cb4688309f1ef6c7210e5348cd58a2e2340879857,MANUALLY_VERIFIED_EXACT_METADATA_AND_LOCAL_SUPPORT
r39,RW-R39,paper/main.tex:96,DBLP:journals/pacmpl/KwonJLH25,https://dblp.org/rec/journals/pacmpl/KwonJLH25,Optimuzz targets recently changed compiler optimizations \cite{r39}.,9f461beff4e643f8f722832ea8f1f1e96569fe73ca9f607f6d25d8398132e35b,MANUALLY_VERIFIED_EXACT_METADATA_AND_LOCAL_SUPPORT
r67,RW-R67,paper/main.tex:96,DBLP:conf/pldi/SewellMK13,https://dblp.org/rec/conf/pldi/SewellMK13,Verified-kernel work links a trusted model to compiled code \cite{r67}.,8289f2015c1bd84c39fe06612e13e551b1bab3e7755b9b1a8de5d37d5cb658fc,MANUALLY_VERIFIED_EXACT_METADATA_AND_LOCAL_SUPPORT
r35,RW-R35,paper/main.tex:98,DBLP:conf/icsm/JacksonL94,https://dblp.org/rec/conf/icsm/JacksonL94,General differencing summarizes modification effects \cite{r35}.,3aee01cc3fa4f815b018a57e07c0e88e3ec1489c40a1b5fcf7747c544bf89535,MANUALLY_VERIFIED_EXACT_METADATA_AND_LOCAL_SUPPORT
r59,RW-R59,paper/main.tex:98,DBLP:conf/sigsoft/PersonDEP08,https://dblp.org/rec/conf/sigsoft/PersonDEP08,Differential symbolic execution compares paths across versions \cite{r59}.,a0b039c6aa8f63686548eff77c000541b29bf81828727300ff55cb27e3899daf,MANUALLY_VERIFIED_EXACT_METADATA_AND_LOCAL_SUPPORT
r30,RW-R30,paper/main.tex:98,DOI:10.1002/stvr.1472,https://doi.org/10.1002/stvr.1472,Regression verification proves equivalence under assumptions \cite{r30}.,38afa699ae9fd707686f65151be0ee475db26262f6f220ffb1d9dcba805a48e9,MANUALLY_VERIFIED_EXACT_METADATA_AND_LOCAL_SUPPORT
r40,RW-R40,paper/main.tex:98,DBLP:conf/cav/LahiriHKR12,https://dblp.org/rec/conf/cav/LahiriHKR12,Language-agnostic differencing reaches beyond one syntax \cite{r40}.,6894d3dc2b17b4320dbab97a7c389f5cde601e85e3160246099c761171c1ab7d,MANUALLY_VERIFIED_EXACT_METADATA_AND_LOCAL_SUPPORT
r58,RW-R58,paper/main.tex:98,DBLP:conf/sas/PartushY13,https://dblp.org/rec/conf/sas/PartushY13,Abstract differencing reports changes at a selected abstraction \cite{r58}.,9e5077b26caa0f600dc4a4b3ae5e054afcfcd6eaf90b11df38db80924819af55,MANUALLY_VERIFIED_EXACT_METADATA_AND_LOCAL_SUPPORT
r63,RW-R63,paper/main.tex:98,DBLP:conf/cav/RamosE11,https://dblp.org/rec/conf/cav/RamosE11,Low-effort equivalence verification exposes practical path bounds \cite{r63}.,bcd6e9f746f3a38c74cecdd0341c12446903a01aede2f34c62d16c9c2414e87e,MANUALLY_VERIFIED_EXACT_METADATA_AND_LOCAL_SUPPORT
r79,RW-R79,paper/main.tex:100,DBLP:conf/pldi/YangCER11,https://dblp.org/rec/conf/pldi/YangCER11,Differential testing has exposed production compiler defects \cite{r79}.,40c1a7c72efeda0db175766f0cc21031df13963f99b975212f78671527cdf2fb,MANUALLY_VERIFIED_EXACT_METADATA_AND_LOCAL_SUPPORT
r43,RW-R43,paper/main.tex:100,DBLP:conf/pldi/LeAS14,https://dblp.org/rec/conf/pldi/LeAS14,Equivalence modulo inputs broadens valid compiler tests \cite{r43}.,1c290b73c46f245886cc55989e27f78fbddb7a619f2951d5d982ee62e36e70d0,MANUALLY_VERIFIED_EXACT_METADATA_AND_LOCAL_SUPPORT
r69,RW-R69,paper/main.tex:100,DBLP:conf/oopsla/SunLS16,https://dblp.org/rec/conf/oopsla/SunLS16,Live-code mutation targets optimization-relevant programs \cite{r69}.,b7ec52575c7cb2c92f1779bfa0813981d146e8c2383106c0e6cefe274e75aa73,MANUALLY_VERIFIED_EXACT_METADATA_AND_LOCAL_SUPPORT
r64,RW-R64,paper/main.tex:100,DBLP:conf/pldi/RegehrCCEEY12,https://dblp.org/rec/conf/pldi/RegehrCCEEY12,Test-case reduction yields inspectable witnesses \cite{r64}.,2f00b791954895e7bbfe7ee99f30112ef63694e746f554fee2fe0e3c6daa5c18,MANUALLY_VERIFIED_EXACT_METADATA_AND_LOCAL_SUPPORT
r45,RW-R45,paper/main.tex:100,DBLP:journals/cacm/Leroy09,https://dblp.org/rec/journals/cacm/Leroy09,"CompCert proves semantic preservation for a specified source, target, and proof environment \cite{r45}.",c57204d0b32510fd9487172fe86b10cce60a368d3dc2ecc24cc793fec208538e,MANUALLY_VERIFIED_EXACT_METADATA_AND_LOCAL_SUPPORT
r70,RW-R70,paper/main.tex:100,DOI:10.1145/358198.358210,https://doi.org/10.1145/358198.358210,An unconstrained compiler can subvert source reasoning \cite{r70}.,2ec26d7d2aecab456d128bf635a0307bbfd573e452d3e9d9279e5c7be45e794b,MANUALLY_VERIFIED_EXACT_METADATA_AND_LOCAL_SUPPORT
r78,RW-R78,paper/main.tex:100,DBLP:conf/acsac/Wheeler05,https://dblp.org/rec/conf/acsac/Wheeler05,Diverse double compilation checks source--executable correspondence under stated assumptions \cite{r78}.,1b2f578195a3187a036e94f4dafec7b8df18f7184b05af3a4e9a1afd426e6860,MANUALLY_VERIFIED_EXACT_METADATA_AND_LOCAL_SUPPORT
r06,RW-R06,paper/main.tex:102,DBLP:conf/ccs/CapposSBH08,https://dblp.org/rec/conf/ccs/CapposSBH08,Package-manager studies show that metadata and update paths are security-critical \cite{r06}.,a78af3358b92f1212781a67d171631b31f86e9c5e1921df6c9546d6549d98926,MANUALLY_VERIFIED_EXACT_METADATA_AND_LOCAL_SUPPORT
r65,RW-R65,paper/main.tex:102,DBLP:conf/ccs/SamuelMCD10,https://dblp.org/rec/conf/ccs/SamuelMCD10,TUF separates and delegates update roles \cite{r65}.,75a47c3c96cef857105c7cfc6272c6886c62b1f38f927264a7b4c062afbca843,MANUALLY_VERIFIED_EXACT_METADATA_AND_LOCAL_SUPPORT
r26,RW-R26,paper/main.tex:102,DBLP:conf/lisa/DolstraJV04,https://dblp.org/rec/conf/lisa/DolstraJV04,Functional package construction makes build inputs explicit \cite{r26}.,c4ce529a29e6e72c9171851a9a8e40e78528ed2834523508dcd1aa7e0683b94f,MANUALLY_VERIFIED_EXACT_METADATA_AND_LOCAL_SUPPORT
r27,RW-R27,paper/main.tex:102,DBLP:conf/sp/FourneWEFA23,https://dblp.org/rec/conf/sp/FourneWEFA23,Reproducible-build studies document value and adoption obstacles \cite{r27}.,23a087690af9b195ea464d04b7e8a2712f2b74bd9b18e4317aaad6d8efe18e92,MANUALLY_VERIFIED_EXACT_METADATA_AND_LOCAL_SUPPORT
r13,RW-R13,paper/main.tex:102,DBLP:journals/cacm/CollbergP16,https://dblp.org/rec/journals/cacm/CollbergP16,Artifact studies show that repeatability cannot be assumed \cite{r13}.,f67500d4703155af1e4c170d9eae2609a8af84f488a9905aa26d77b6ac6bd87c,MANUALLY_VERIFIED_EXACT_METADATA_AND_LOCAL_SUPPORT
r05,RW-R05,paper/main.tex:104,DBLP:conf/icdt/BunemanKT01,https://dblp.org/rec/conf/icdt/BunemanKT01,Origin and derivation are different questions \cite{r05}.,ba084407ca49d33e55e720ca60b2fd9fb0a5cbbb45a642fa3a85a796b01ff4a3,MANUALLY_VERIFIED_EXACT_METADATA_AND_LOCAL_SUPPORT
r50,RW-R50,paper/main.tex:104,DBLP:conf/usenix/Muniswamy-ReddyHBS06,https://dblp.org/rec/conf/usenix/Muniswamy-ReddyHBS06,Provenance-aware storage records dependencies and transformations \cite{r50}.,2f351da5f645649450c35fe4f99cbbc382c550b6679d83ea0113409be9f49dc6,MANUALLY_VERIFIED_EXACT_METADATA_AND_LOCAL_SUPPORT
r49,RW-R49,paper/main.tex:104,DBLP:journals/fgcs/MoreauCFFGGKMMMPSSB11,https://dblp.org/rec/journals/fgcs/MoreauCFFGGKMMMPSSB11,The Open Provenance Model provides an interoperable representation \cite{r49}.,0f12849fb6c570d3a1750355931da162cbf6c80819799d5f2867a48b6e74efc5,MANUALLY_VERIFIED_EXACT_METADATA_AND_LOCAL_SUPPORT
r11,RW-R11,paper/main.tex:104,DBLP:conf/tapp/ChirigatiSF13,https://dblp.org/rec/conf/tapp/ChirigatiSF13,Reproduction packages preserve executable environments \cite{r11}.,fa9fa7a70ce5dc9069e72aba2444a5632c2fdaff6118261daab26802056dba23,MANUALLY_VERIFIED_EXACT_METADATA_AND_LOCAL_SUPPORT
r19,RW-R19,paper/main.tex:104,DBLP:journals/cse/CosmoGZ20,https://dblp.org/rec/journals/cse/CosmoGZ20,Content-addressed citation gives source artifacts stable identities \cite{r19}.,ab8b8ff0aea678e234bfcaf598153a2dcf97b454a6b58d56cc5eb5b368ef54a9,MANUALLY_VERIFIED_EXACT_METADATA_AND_LOCAL_SUPPORT
r23,RW-R23,paper/main.tex:106,DBLP:journals/computer/DeMilloLS78,https://dblp.org/rec/journals/computer/DeMilloLS78,Mutation analysis began as a test-data adequacy method \cite{r23}.,808034b711e227b52979f47e9e7e50f12e277d35000c45954d4c17aef6c2d6b9,MANUALLY_VERIFIED_EXACT_METADATA_AND_LOCAL_SUPPORT
r36,RW-R36,paper/main.tex:106,DBLP:journals/tse/JiaH11,https://dblp.org/rec/journals/tse/JiaH11,Later surveys document its development and cost \cite{r36}.,f1830f0a8f2cdedc3daecfefd6ea7fc6e417f7cb5dfc928d016bfa1e814accca,MANUALLY_VERIFIED_EXACT_METADATA_AND_LOCAL_SUPPORT
r01,RW-R01,paper/main.tex:106,DBLP:conf/icse/AndrewsBL05,https://dblp.org/rec/conf/icse/AndrewsBL05,Controlled studies require justification for mutants as instruments \cite{r01}.,52d09afaeb36b17d2d043f9102ae9ce89b104089fa590b75ba0a5afc1e505375,MANUALLY_VERIFIED_EXACT_METADATA_AND_LOCAL_SUPPORT
r02,RW-R02,paper/main.tex:106,DBLP:journals/tse/BarrHMSSY15,https://dblp.org/rec/journals/tse/BarrHMSSY15,The oracle problem limits test conclusions \cite{r02}.,ded782e4b5dbe3cbfd401b91ac38ec9586515e1fb769509749712cadb1358911,MANUALLY_VERIFIED_EXACT_METADATA_AND_LOCAL_SUPPORT
r77,RW-R77,paper/main.tex:106,DBLP:journals/cj/Weyuker82,https://dblp.org/rec/journals/cj/Weyuker82,Some programs resist direct checking \cite{r77}.,f50c62cd86d6aa4a74b64024dbc8886559979fcf88cf2f3f60c40a874b0deb71,MANUALLY_VERIFIED_EXACT_METADATA_AND_LOCAL_SUPPORT
r66,RW-R66,paper/main.tex:106,DBLP:journals/tse/SeguraFSC16,https://dblp.org/rec/journals/tse/SeguraFSC16,Metamorphic relations help when exact outputs are unavailable \cite{r66}.,a252dc601a11679505a42df40c5f5ccf5c5cb0553d44f38c8573f797e4821f53,MANUALLY_VERIFIED_EXACT_METADATA_AND_LOCAL_SUPPORT
r57,RW-R57,paper/main.tex:106,DOI:10.1016/bs.adcom.2018.03.015,https://doi.org/10.1016/bs.adcom.2018.03.015,Mutation-testing surveys identify operator selection and equivalent mutants as validity threats \cite{r57}.,9b6a1be3a814faaa60dcf51b5ea21152143841dfd06785914cac836a634318c1,MANUALLY_VERIFIED_EXACT_METADATA_AND_LOCAL_SUPPORT
r34,RW-R34,paper/main.tex:106,DBLP:journals/tse/IannoneGFLP23,https://dblp.org/rec/journals/tse/IannoneGFLP23,A large-scale vulnerability study defines its claims over an explicit project-and-patch corpus \cite{r34}.,86ac307a842b5dd60cca2db549693bfe7ec21a708e9faf2ef1bfc447599d7ce0,MANUALLY_VERIFIED_EXACT_METADATA_AND_LOCAL_SUPPORT
r83,RW-R83,paper/main.tex:699,DOI:10.1007/BF00196791,https://doi.org/10.1007/BF00196791,Timestamped records can make later rewriting detectable \cite{r83}.,7c6f72ea304e1b4ee2d6728846821eed1f7f1ac083faa64bfc6543185785eed9,MANUALLY_VERIFIED_EXACT_METADATA_AND_LOCAL_SUPPORT
r84,RW-R84,paper/main.tex:699,DBLP:conf/uss/ManiatisB02,https://dblp.org/rec/conf/uss/ManiatisB02,Timeline entanglement shows how independent services can strengthen history preservation \cite{r84}.,6c1ce1fbfa4490579c313488b6e7095fbb9d5489519e5a93b2462ad8c0863339,MANUALLY_VERIFIED_EXACT_METADATA_AND_LOCAL_SUPPORT
r85,RW-R85,paper/main.tex:699,DBLP:conf/uss/CrosbyW09,https://dblp.org/rec/conf/uss/CrosbyW09,Tamper-evident logs provide compact proofs of event presence and append-only consistency \cite{r85}.,ad6dd4a3d8fd474d3dc745f690c635dacbee58dbd9e4b77aabe2d503263e2dfe,MANUALLY_VERIFIED_EXACT_METADATA_AND_LOCAL_SUPPORT
r86,RW-R86,paper/main.tex:702,DOI:10.1109/ACSAC.2009.28,https://doi.org/10.1109/ACSAC.2009.28,"BAF provides publicly verifiable, forward-secure distributed logging \cite{r86}.",4ccef409e605638190f450c75802bbd90ca9676739f597075c6954ef3d664fd8,MANUALLY_VERIFIED_EXACT_METADATA_AND_LOCAL_SUPPORT
