claim_id,claim_text,claim_scope,paper_location,evidence_type,theorem_or_lemma,proof_or_checker,source_or_test,experiment_id,figure_or_table,raw_result,maturity_state,independent_recheck_status,limitations
C1,"The completion semantics partitions all 2,187 evidence vectors and the full seven-relation gate is the unique zero-false-accept relation subset under isolating witnesses.",complete seven-relation three-valued state space,Section 3,human proof plus exhaustive model checking,unique completion-stable lift; minimal relation basis,artifact/gate-model/src/independent_recheck.py,artifact/gate-model/results/summary.json,GATE-MODEL,tab:reconstruction,artifact/gate-model/results/summary.json,INDEPENDENTLY_RECHECKED,"2,187 ternary vectors; 16,384 Boolean completions; 128 subset gates; 127 nonempty failure sets",model-space completeness does not establish completeness of real-world evidence relations
C2,"All intended finite releases, including twelve two-parent merges, pass and all finite controls are rejected over the complete byte-pair domain.",twelve finite C contracts and twelve independently reconstructed merge releases,Sections 4 and 5,exhaustive implementation evaluation,conditional finite-contract soundness and accepted-parent admissibility,artifact/src/independent_recheck.py,artifact/results/matrix.csv; artifact/results/summary.json,FINITE-144,tab:outcomes; tab:controlmatrix,artifact/results/summary.json,INDEPENDENTLY_RECHECKED,"144 certificates; 576 fresh cells; 37,748,736 cases; 12 two-parent releases and 144 parent edges",finite contracts and conspicuous source carriers
C3,Twenty-one intended commit-derived versions pass and seven one-relation adverse versions are rejected.,seven routine-level adapters from immutable public commits,Sections 4 and 5,deterministic multi-project replay,minimal relation basis,artifact/commit-replay/src/independent_recheck.py,artifact/commit-replay/results/matrix.json,PROJECT-28,tab:subjects; tab:projects; tab:outcomes,artifact/commit-replay/results/summary.json,INDEPENDENTLY_RECHECKED,"28 certificates; 112 fresh cells; 3,215,120 declared cases","routine-level adapters, not complete repository builds"
C4,"Every proper relation subset accepts at least one matching isolated adverse release, while the complete gate accepts none.",all 128 relation subsets over seven isolated controls,Section 5,complete subset sweep and ablation,minimal relation basis,artifact/commit-replay/src/independent_recheck.py,artifact/commit-replay/results/summary.json,PROJECT-SUBSETS,fig:sensitivity; tab:controlmatrix; tab:baselines,artifact/commit-replay/results/summary.json,INDEPENDENTLY_RECHECKED,128 of 128 gates enumerated; only the full set has zero false accepts,"controls are designed isolating witnesses, not prevalence estimates"
C5,Thresholds 1 through 26 preserve all intended project releases while rejecting complete reissue; seven leave-one-project-out checks preserve all remaining outcomes.,frozen seven-project corpus,Section 5,complete threshold scan and subject removal,ancestry lower bound,artifact/commit-replay/src/run_commit_replay.py,artifact/commit-replay/results/summary.json,PROJECT-SENSITIVITY,fig:sensitivity,artifact/commit-replay/results/summary.json,VERIFIED,policies retained without post-hoc reselection,"sensitivity analysis, not statistical generalization"
C6,Twenty-four adversarial substitutions are rejected by lower-level reconstruction.,twenty-one certificate or file substitutions with refreshed bindings plus three direct source-interpretation fixtures; fourteen finite and ten project probes,Section 5,adversarial mutation tests,conditional soundness and accepted-parent admissibility,three independent checkers,artifact/gate-model/results/independent_recheck.json; artifact/results/independent_recheck.json; artifact/commit-replay/results/independent_recheck.json,TAMPER-24,tab:tamper,three independent recheck reports,INDEPENDENTLY_RECHECKED,24 of 24 rejected; 21 refresh certificate or file bindings; omitted second merge parent rejected,not an adaptive cryptographic attack game
C7,"The two software strata cover 172 releases, 688 compiler cells, and 40,963,856 deterministic contract executions.",frozen finite and commit-derived corpora,Abstract and Section 5,combined accounting,,artifact/src/verify_release.py,artifact/results/combined_summary.json,COMBINED,tab:layers; tab:outcomes,artifact/results/combined_summary.json,INDEPENDENTLY_RECHECKED,129 intended pass; 43 established-failure reject; 0 unresolved hold,deterministic case counts are not population estimates
C8,The manuscript contains exactly 14 formatted pages and 79 individually supported scholarly references.,current frozen manuscript bytes,entire manuscript,"format, citation, lexical, and visual audits",,paper audits,paper/main.pdf; paper/reference_verification_lock.json,PAPER-QA,,paper/compile_audit.json; paper/typography_audit.json; paper/citation_shape_audit.json; paper/page_fit_audit.json,VERIFIED,automated audits plus byte-bound visual inspection,"three author positions remain deliberately blank; Xunzhu Tang's ORCID, final contributions, conflicts, institutional approvals, prior-publication and concurrent-submission confirmations, and truthful disclosure remain submission-time responsibilities"
C9,Finite-parent reconstruction accepts shared-ancestor graphs and twelve executed two-parent merges while rejecting invalid ancestry and omitted-parent claims.,six ancestry-graph fixtures and twelve finite-contract merge releases,Sections 3--5,two-algorithm graph model check plus exhaustive software replay,finite ancestry-subgraph validity and accepted-parent admissibility,artifact/gate-model/src/independent_recheck.py; artifact/src/independent_recheck.py,artifact/gate-model/results/ancestry_graphs.json; artifact/results/summary.json; artifact/results/independent_recheck.json,FINITE-PARENT-DAG,fig:ancestry; tab:outcomes; tab:controlmatrix,artifact/gate-model/results/ancestry_graphs.json; artifact/results/summary.json,INDEPENDENTLY_RECHECKED,two graph algorithms agree; 12 two-parent merge certificates reconstruct 144 total parent edges; second-parent omission rejected,commit-derived histories remain single-parent; finite contracts are not whole-repository merges
C10,An exact-source jsmn replay agrees with the adapter on its declared sixteen-input contract but exposes two strict-mode boundary differences outside that contract.,one public jsmn maintenance commit and its direct parent; exact core source; four parser configurations,Sections 4--6,exact-source transfer-validity check,adapter transfer condition,artifact/upstream-validation/src/independent_recheck.py,artifact/upstream-validation/results/summary.json,UPSTREAM-JSMN,tab:layers; tab:projects; Section 5.4,artifact/upstream-validation/results/summary.json,INDEPENDENTLY_RECHECKED,3 exact Git blobs; 32 compiler cells; 768 observations; strict cases 22 and 23 differ,"one exact core library history, not seven whole repositories; differences lie outside the adapter's declared contract"
