paper_item,kind,paper_location,assumptions,proof_location,checker_or_test,status,notes
Evidence vector and completion,definition,Section 3.1,seven typed relations; unknowns admit Boolean completions,paper/main.tex,gate-model state enumeration,INDEPENDENTLY_RECHECKED,"all 2,187 vectors enumerated"
Unique maximally decisive completion-stable lift,theorem,Section 3.1,soundness over every completion and maximal decisiveness,artifact/proofs.md#unique-completion-stable-lift,gate-model independent checker,INDEPENDENTLY_RECHECKED,supervaluation of conjunction
Complete partition and refinement stability,proposition,Section 3.1,refinement replaces unknown by true or false,artifact/proofs.md#complete-partition-and-refinement-stability,gate-model independent checker,INDEPENDENTLY_RECHECKED,"1 pass, 127 hold, 2,059 reject"
Unique bounded recovery,lemma,Section 3.2,minimum distance d and 2e+s<d,artifact/proofs.md#unique-bounded-recovery,both independent decoders,INDEPENDENTLY_RECHECKED,all sixteen codewords enumerated per block
Block locality,lemma,Section 3.2,four independent Hamming blocks,artifact/proofs.md#block-locality,recovery control,INDEPENDENTLY_RECHECKED,global counts do not imply local decodability
Ancestry lower bound,theorem,Section 3.2,stable identities; no resurrection,artifact/proofs.md#ancestry-lower-bound,continuity reconstruction,VERIFIED,"lower bound max(0,n-k(n-q))"
No retroactive strengthening,proposition,Section 3.3,policy digest is certificate-bound,artifact/proofs.md#no-retroactive-strengthening,both lineage checkers plus silent-policy substitutions,INDEPENDENTLY_RECHECKED,policy change requires bridge or new object
Finite ancestry-subgraph validity,theorem,Section 3.3,finite closed parent inventory; active-path cycle and policy checks on every edge,artifact/proofs.md#finite-ancestry-subgraph-validity,"active-path DFS, reachable-closure topological sorting, and finite software merge reconstruction",INDEPENDENTLY_RECHECKED,"diamond shared ancestor and 12 two-parent software merges accepted; cycle, missing parent, rejected parent, unbridged mismatch, and omitted merge parent rejected"
Sound shared-ancestor reuse,proposition,Section 3.3,deterministic reconstruction bound to canonical certificate and policy digests; edge checks remain parent-specific,artifact/proofs.md#sound-shared-ancestor-reuse,active-path DFS and reachable-closure topological sorting,INDEPENDENTLY_RECHECKED,completed shared ancestor is memoized; repeated active-path digest still rejects as a cycle
Accepted-parent admissibility,proposition,Section 4.2,every named parent independently reconstructs to pass under its bound policy,artifact/proofs.md#accepted-parent-admissibility,rejected-parent graft substitutions in both software strata,INDEPENDENTLY_RECHECKED,digest validity alone is insufficient
Conditional finite-contract soundness,theorem,Section 3.4,"hash, compiler, runtime, checker, issuance, finite-contract assumptions",artifact/proofs.md#conditional-finite-contract-soundness,both independent software checkers,INDEPENDENTLY_RECHECKED,"bounded, not universal equivalence"
Minimal relation basis,theorem,Section 3.4,one isolating witness per relation,artifact/proofs.md#minimal-relation-basis,gate and project subset sweeps,INDEPENDENTLY_RECHECKED,only the full relation set has zero false accepts
Contract strengthening,proposition,Section 3.4,release bytes fixed and every original obligation and interpretation retained,artifact/proofs.md#contract-strengthening,predicate construction,VERIFIED,new conjuncts cannot rescue rejection; changing a reference or inventory or parent meaning is policy replacement
Module substitution,proposition,Section 3.5,conservative replacement and bound assumptions,artifact/proofs.md#module-substitution,conditional argument; continuity-only projection does not establish the conservativeness premise,CONDITIONAL_PROOF,no full target-policy integrity or lineage reconstruction in the projection
Sound incremental reuse,proposition,Section 6.4,"complete dependency closure, module, and policy bindings unchanged",artifact/proofs.md#sound-incremental-reuse,dependency-closure rule and full-reconstruction reference semantics,VERIFIED,extension rule; no speedup measured
