name,URL,version_or_commit,sha256,license,access_date,resource_type,acquisition_method,integration_mode,claim_supported,internals_modified
GCC,https://gcc.gnu.org/,gcc (Debian 14.2.0-19) 14.2.0,a23ecab8ff08f09ad8c80602c2c5df7f49e09c25905cb8975902e101bf72635f,GPL-3.0-or-later,2026-07-20,compiler,preinstalled system binary,subprocess compiler cell,cross-compiler finite and project execution,false
Clang,https://clang.llvm.org/,clang version 17.0.0 (https://github.com/swiftlang/llvm-project.git 10999b6d034fe318f3d56c83bddb6572593a8bb0),aa7389d9766be7e61df76cf094ac4f1861fd067e12908d1e9fd5cd7eb2a078f4,Apache-2.0 WITH LLVM-exception,2026-07-20,compiler,preinstalled system binary,subprocess compiler cell,cross-compiler finite and project execution,false
Python,https://www.python.org/,3.13.5,17b78e0a93175e86f9ac03141924fd7a7f0c0c52e66b34bfa0de20ffef989df1,PSF-2.0,2026-07-20,runtime,preinstalled system binary,deterministic artifact runner,generation and independent checking,false
Project A immutable maintenance commit,https://github.com/zserge/jsmn/commit/fdcef3ebf886fa210d14956d3c068a653e76a24e,fdcef3ebf886fa210d14956d3c068a653e76a24e,88ce1ba4ecefdf6f8e7695ed4b2998eda4f68f575106f5f62523fe0a320d1cf2,MIT,2026-07-20,public source history,read-only public repository records and immutable commit files,routine-level deterministic adapter,token signatures for sixteen fixed valid and invalid structured inputs,false; upstream code not modified; adapter boundary declared
Project B immutable maintenance commit,https://github.com/DaveGamble/cJSON/commit/bb2f86812680c2cb489a38f3643fb58f4eb3482c,bb2f86812680c2cb489a38f3643fb58f4eb3482c,59d92ffc2afd118bb2e1850375a116e0dd96ca029b775b6713671c0466b99dc4,MIT,2026-07-20,public source history,read-only public repository records and immutable commit files,routine-level deterministic adapter,"canonical operation codes for all 65,536 pairs of bounded four-key flat objects",false; upstream code not modified; adapter boundary declared
Project C immutable maintenance commit,https://github.com/rxi/log.c/commit/4c5da2155e0d60c704848fe5312d6049ddf04c08,4c5da2155e0d60c704848fe5312d6049ddf04c08,4ab1f804fd0066ebd1eccc7c8adf1a708e59fef8b02938c770025e163385d284,MIT,2026-07-20,public source history,read-only public repository records and immutable commit files,routine-level deterministic adapter,"normalized records for 144 level, threshold, quiet, and sink configurations",false; upstream code not modified; adapter boundary declared
Project D immutable maintenance commit,https://github.com/kgabis/parson/commit/9d63e760141b5c416a65ee0de9f67d684795ee49,9d63e760141b5c416a65ee0de9f67d684795ee49,0eacc0e75e750a84fce96eb926efae4ecc0f1caa4766599352b35b612ae3af92,MIT,2026-07-20,public source history,read-only public repository records and immutable commit files,routine-level deterministic adapter,byte-exact copies for lengths zero through sixty-four,false; upstream code not modified; adapter boundary declared
Project E immutable maintenance commit,https://github.com/madler/zlib/commit/e9d5486e6635141f589e110fd789648aa08e9544,e9d5486e6635141f589e110fd789648aa08e9544,3ca562eb72b17e5bbea221b8e7a42bf2abe695b2e2aa9c2d64f2811cf79747a4,zlib,2026-07-20,public source history,read-only public repository records and immutable commit files,routine-level deterministic adapter,"Adler-32 outputs for four seeds, four byte patterns, and lengths zero through 256",false; upstream code not modified; adapter boundary declared
Project F immutable maintenance commit,https://github.com/benhoyt/inih/commit/cd5f93974067a143434b0e9a1c1a8ae906af599b,cd5f93974067a143434b0e9a1c1a8ae906af599b,5c7fa08452d95b2d805b723fd4fdf2b0430ae9394939c01a6a883ac79610f91e,BSD-3-Clause,2026-07-20,public source history,read-only public repository records and immutable commit files,routine-level deterministic adapter,"normalized start offset and length for all 65,536 two-byte strings",false; upstream code not modified; adapter boundary declared
Project G immutable maintenance commit,https://github.com/troydhanson/uthash/commit/74d55a0e34e96e6a842727333a7d326925ec1c16,74d55a0e34e96e6a842727333a7d326925ec1c16,ae2898438635b55522f4451ebfb3d48e1d2c624db9bf5c9dbc5dc465772fef0e,BSD-1-Clause,2026-07-20,public source history,read-only public repository records and immutable commit files,routine-level deterministic adapter,"parity classification for all 65,536 unsigned sixteen-bit values",false; upstream code not modified; adapter boundary declared
jsmn exact core source pair,https://github.com/zserge/jsmn/commit/fdcef3ebf886fa210d14956d3c068a653e76a24e,fdcef3ebf886fa210d14956d3c068a653e76a24e,21900f05b97846e0f56ce049c732426d0cb51cd7efe5483861b09f6c4e76fd87,MIT,2026-09-24,exact public source snapshot,immutable Git blobs verified by Git object hash,32-cell before/after parser probe across four configurations,adapter-to-upstream transfer check and strict-mode boundary counterexample,false; exact core source bytes retained; external probe supplied separately
