category,title,venue,year,identifier,relationship,body_pages,reference_pages,section_depth,references,equations,algorithms,figures,tables,appendix_or_supplement,introduction_moves,evaluation_order,formalism,artifact_strength,reviewer_attack_surfaces,measurement_status,notes
CLOSEST_TSE,"Watermarking, Tamper-Proofing, and Obfuscation—Tools for Software Protection",IEEE Transactions on Software Engineering,2002,10.1109/TSE.2002.1027797,same venue; software watermarking,NOT_MEASURED,NOT_MEASURED,NOT_MEASURED,NOT_MEASURED,NOT_MEASURED,NOT_MEASURED,NOT_MEASURED,NOT_MEASURED,NOT_MEASURED,problem-gap-method-evidence inferred only where abstract available,NOT_MEASURED,metadata/abstract only,NOT_MEASURED,full-text measurement unavailable; do not use numeric calibration,METADATA_COMPLETE_STRUCTURE_UNMEASURED,No award claim. Publisher full-text measurement was not available in the bounded run.
CLOSEST_TSE,"How We Refactor, and How We Know It",IEEE Transactions on Software Engineering,2012,10.1109/TSE.2011.41,same venue; refactoring practice,NOT_MEASURED,NOT_MEASURED,NOT_MEASURED,NOT_MEASURED,NOT_MEASURED,NOT_MEASURED,NOT_MEASURED,NOT_MEASURED,NOT_MEASURED,problem-gap-method-evidence inferred only where abstract available,NOT_MEASURED,metadata/abstract only,NOT_MEASURED,full-text measurement unavailable; do not use numeric calibration,METADATA_COMPLETE_STRUCTURE_UNMEASURED,No award claim. Publisher full-text measurement was not available in the bounded run.
CLOSEST_TSE,RefDiff 2.0: A Multi-Language Refactoring Detection Tool,IEEE Transactions on Software Engineering,2021,10.1109/TSE.2020.2968072,same venue; evolution tooling,NOT_MEASURED,NOT_MEASURED,NOT_MEASURED,NOT_MEASURED,NOT_MEASURED,NOT_MEASURED,NOT_MEASURED,NOT_MEASURED,NOT_MEASURED,problem-gap-method-evidence inferred only where abstract available,NOT_MEASURED,metadata/abstract only,NOT_MEASURED,full-text measurement unavailable; do not use numeric calibration,METADATA_COMPLETE_STRUCTURE_UNMEASURED,No award claim. Publisher full-text measurement was not available in the bounded run.
CLOSEST_TSE,Assessing the Refactorability of Software Clones,IEEE Transactions on Software Engineering,2015,10.1109/TSE.2015.2448531,same venue; refactoring and maintenance,NOT_MEASURED,NOT_MEASURED,NOT_MEASURED,NOT_MEASURED,NOT_MEASURED,NOT_MEASURED,NOT_MEASURED,NOT_MEASURED,NOT_MEASURED,problem-gap-method-evidence inferred only where abstract available,NOT_MEASURED,metadata/abstract only,NOT_MEASURED,full-text measurement unavailable; do not use numeric calibration,METADATA_COMPLETE_STRUCTURE_UNMEASURED,No award claim. Publisher full-text measurement was not available in the bounded run.
CLOSEST_TSE,Identification of Move Method Refactoring Opportunities,IEEE Transactions on Software Engineering,2009,10.1109/TSE.2009.1,same venue; refactoring method,NOT_MEASURED,NOT_MEASURED,NOT_MEASURED,NOT_MEASURED,NOT_MEASURED,NOT_MEASURED,NOT_MEASURED,NOT_MEASURED,NOT_MEASURED,problem-gap-method-evidence inferred only where abstract available,NOT_MEASURED,metadata/abstract only,NOT_MEASURED,full-text measurement unavailable; do not use numeric calibration,METADATA_COMPLETE_STRUCTURE_UNMEASURED,No award claim. Publisher full-text measurement was not available in the bounded run.
CLOSEST_TSE,Detecting Trivial Mutant Equivalences via Compiler Optimisations,IEEE Transactions on Software Engineering,2018,10.1109/TSE.2017.2684805,same venue; compiler-based equivalence,NOT_MEASURED,NOT_MEASURED,NOT_MEASURED,NOT_MEASURED,NOT_MEASURED,NOT_MEASURED,NOT_MEASURED,NOT_MEASURED,NOT_MEASURED,problem-gap-method-evidence inferred only where abstract available,NOT_MEASURED,metadata/abstract only,NOT_MEASURED,full-text measurement unavailable; do not use numeric calibration,METADATA_COMPLETE_STRUCTURE_UNMEASURED,No award claim. Publisher full-text measurement was not available in the bounded run.
CLOSEST_TSE,An Empirical Approach to Studying Software Evolution,IEEE Transactions on Software Engineering,1999,10.1109/32.799955,same venue; evolution method,NOT_MEASURED,NOT_MEASURED,NOT_MEASURED,NOT_MEASURED,NOT_MEASURED,NOT_MEASURED,NOT_MEASURED,NOT_MEASURED,NOT_MEASURED,problem-gap-method-evidence inferred only where abstract available,NOT_MEASURED,metadata/abstract only,NOT_MEASURED,full-text measurement unavailable; do not use numeric calibration,METADATA_COMPLETE_STRUCTURE_UNMEASURED,No award claim. Publisher full-text measurement was not available in the bounded run.
CLOSEST_TSE,Monitor-Based Instant Software Refactoring,IEEE Transactions on Software Engineering,2013,10.1109/TSE.2013.4,same venue; refactoring tool,NOT_MEASURED,NOT_MEASURED,NOT_MEASURED,NOT_MEASURED,NOT_MEASURED,NOT_MEASURED,NOT_MEASURED,NOT_MEASURED,NOT_MEASURED,problem-gap-method-evidence inferred only where abstract available,NOT_MEASURED,metadata/abstract only,NOT_MEASURED,full-text measurement unavailable; do not use numeric calibration,METADATA_COMPLETE_STRUCTURE_UNMEASURED,No award claim. Publisher full-text measurement was not available in the bounded run.
CLOSEST_TSE,Tool-Supported Refactoring of Existing Object-Oriented Code into Aspects,IEEE Transactions on Software Engineering,2006,10.1109/TSE.2006.92,same venue; transformation tooling,NOT_MEASURED,NOT_MEASURED,NOT_MEASURED,NOT_MEASURED,NOT_MEASURED,NOT_MEASURED,NOT_MEASURED,NOT_MEASURED,NOT_MEASURED,problem-gap-method-evidence inferred only where abstract available,NOT_MEASURED,metadata/abstract only,NOT_MEASURED,full-text measurement unavailable; do not use numeric calibration,METADATA_COMPLETE_STRUCTURE_UNMEASURED,No award claim. Publisher full-text measurement was not available in the bounded run.
CLOSEST_TSE,Refactoring the Aspectizable Interfaces: An Empirical Assessment,IEEE Transactions on Software Engineering,2005,10.1109/TSE.2005.117,same venue; evolution/refactoring,NOT_MEASURED,NOT_MEASURED,NOT_MEASURED,NOT_MEASURED,NOT_MEASURED,NOT_MEASURED,NOT_MEASURED,NOT_MEASURED,NOT_MEASURED,problem-gap-method-evidence inferred only where abstract available,NOT_MEASURED,metadata/abstract only,NOT_MEASURED,full-text measurement unavailable; do not use numeric calibration,METADATA_COMPLETE_STRUCTURE_UNMEASURED,No award claim. Publisher full-text measurement was not available in the bounded run.
CLOSEST_TSE,API-Evolution Support with Diff-CatchUp,IEEE Transactions on Software Engineering,2007,10.1109/TSE.2007.70747,same venue; API evolution,NOT_MEASURED,NOT_MEASURED,NOT_MEASURED,NOT_MEASURED,NOT_MEASURED,NOT_MEASURED,NOT_MEASURED,NOT_MEASURED,NOT_MEASURED,problem-gap-method-evidence inferred only where abstract available,NOT_MEASURED,metadata/abstract only,NOT_MEASURED,full-text measurement unavailable; do not use numeric calibration,METADATA_COMPLETE_STRUCTURE_UNMEASURED,No award claim. Publisher full-text measurement was not available in the bounded run.
CLOSEST_TSE,Enabling Decision and Objective Space Exploration for Interactive Multi-Objective Refactoring,IEEE Transactions on Software Engineering,2022,10.1109/TSE.2020.3024814,same venue; interactive multi-objective refactoring,NOT_MEASURED,NOT_MEASURED,NOT_MEASURED,NOT_MEASURED,NOT_MEASURED,NOT_MEASURED,NOT_MEASURED,NOT_MEASURED,NOT_MEASURED,problem-gap-method-evidence inferred only where abstract available,NOT_MEASURED,metadata/abstract only,NOT_MEASURED,full-text measurement unavailable; do not use numeric calibration,METADATA_COMPLETE_STRUCTURE_UNMEASURED,No award claim. Publisher full-text measurement was not available in the bounded run.
HIGH_VISIBILITY_SUBSTITUTE,Program Slicing,IEEE Transactions on Software Engineering,1984,10.1109/TSE.1984.5010248,clearly high-visibility TSE methods paper; not claimed as award,NOT_MEASURED,NOT_MEASURED,NOT_MEASURED,NOT_MEASURED,NOT_MEASURED,NOT_MEASURED,NOT_MEASURED,NOT_MEASURED,NOT_MEASURED,problem-gap-method-evidence inferred only where abstract available,NOT_MEASURED,metadata/abstract only,NOT_MEASURED,full-text measurement unavailable; do not use numeric calibration,METADATA_COMPLETE_STRUCTURE_UNMEASURED,No award claim. Publisher full-text measurement was not available in the bounded run.
HIGH_VISIBILITY_SUBSTITUTE,A Metrics Suite for Object Oriented Design,IEEE Transactions on Software Engineering,1994,10.1109/32.295895,clearly high-visibility TSE empirical/design paper; not claimed as award,NOT_MEASURED,NOT_MEASURED,NOT_MEASURED,NOT_MEASURED,NOT_MEASURED,NOT_MEASURED,NOT_MEASURED,NOT_MEASURED,NOT_MEASURED,problem-gap-method-evidence inferred only where abstract available,NOT_MEASURED,metadata/abstract only,NOT_MEASURED,full-text measurement unavailable; do not use numeric calibration,METADATA_COMPLETE_STRUCTURE_UNMEASURED,No award claim. Publisher full-text measurement was not available in the bounded run.
HIGH_VISIBILITY_SUBSTITUTE,"Watermarking, Tamper-Proofing, and Obfuscation—Tools for Software Protection",IEEE Transactions on Software Engineering,2002,10.1109/TSE.2002.1027797,high-visibility same-venue software-protection paper; not claimed as award,NOT_MEASURED,NOT_MEASURED,NOT_MEASURED,NOT_MEASURED,NOT_MEASURED,NOT_MEASURED,NOT_MEASURED,NOT_MEASURED,NOT_MEASURED,problem-gap-method-evidence inferred only where abstract available,NOT_MEASURED,metadata/abstract only,NOT_MEASURED,full-text measurement unavailable; do not use numeric calibration,METADATA_COMPLETE_STRUCTURE_UNMEASURED,No award claim. Publisher full-text measurement was not available in the bounded run.
HIGH_VISIBILITY_SUBSTITUTE,"How We Refactor, and How We Know It",IEEE Transactions on Software Engineering,2012,10.1109/TSE.2011.41,high-visibility empirical software-evolution paper; not claimed as award,NOT_MEASURED,NOT_MEASURED,NOT_MEASURED,NOT_MEASURED,NOT_MEASURED,NOT_MEASURED,NOT_MEASURED,NOT_MEASURED,NOT_MEASURED,problem-gap-method-evidence inferred only where abstract available,NOT_MEASURED,metadata/abstract only,NOT_MEASURED,full-text measurement unavailable; do not use numeric calibration,METADATA_COMPLETE_STRUCTURE_UNMEASURED,No award claim. Publisher full-text measurement was not available in the bounded run.
HIGH_VISIBILITY_SUBSTITUTE,RefDiff 2.0: A Multi-Language Refactoring Detection Tool,IEEE Transactions on Software Engineering,2021,10.1109/TSE.2020.2968072,current evolution-tooling benchmark; not claimed as award,NOT_MEASURED,NOT_MEASURED,NOT_MEASURED,NOT_MEASURED,NOT_MEASURED,NOT_MEASURED,NOT_MEASURED,NOT_MEASURED,NOT_MEASURED,problem-gap-method-evidence inferred only where abstract available,NOT_MEASURED,metadata/abstract only,NOT_MEASURED,full-text measurement unavailable; do not use numeric calibration,METADATA_COMPLETE_STRUCTURE_UNMEASURED,No award claim. Publisher full-text measurement was not available in the bounded run.
ADJACENT_TOP,Translation Validation,adjacent top venue,1998,10.1007/BFb0054170,TACAS; per-transformation correctness,NOT_MEASURED,NOT_MEASURED,NOT_MEASURED,NOT_MEASURED,NOT_MEASURED,NOT_MEASURED,NOT_MEASURED,NOT_MEASURED,NOT_MEASURED,problem-gap-method-evidence inferred only where abstract available,NOT_MEASURED,metadata/abstract only,NOT_MEASURED,full-text measurement unavailable; do not use numeric calibration,METADATA_COMPLETE_STRUCTURE_UNMEASURED,No award claim. Publisher full-text measurement was not available in the bounded run.
ADJACENT_TOP,Translation Validation for an Optimizing Compiler,adjacent top venue,2000,10.1145/349299.349314,PLDI; compiler validation,NOT_MEASURED,NOT_MEASURED,NOT_MEASURED,NOT_MEASURED,NOT_MEASURED,NOT_MEASURED,NOT_MEASURED,NOT_MEASURED,NOT_MEASURED,problem-gap-method-evidence inferred only where abstract available,NOT_MEASURED,metadata/abstract only,NOT_MEASURED,full-text measurement unavailable; do not use numeric calibration,METADATA_COMPLETE_STRUCTURE_UNMEASURED,No award claim. Publisher full-text measurement was not available in the bounded run.
ADJACENT_TOP,Dynamic Path-Based Software Watermarking,adjacent top venue,2004,10.1145/996893.996856,PLDI; watermark mechanism,NOT_MEASURED,NOT_MEASURED,NOT_MEASURED,NOT_MEASURED,NOT_MEASURED,NOT_MEASURED,NOT_MEASURED,NOT_MEASURED,NOT_MEASURED,problem-gap-method-evidence inferred only where abstract available,NOT_MEASURED,metadata/abstract only,NOT_MEASURED,full-text measurement unavailable; do not use numeric calibration,METADATA_COMPLETE_STRUCTURE_UNMEASURED,No award claim. Publisher full-text measurement was not available in the bounded run.
ADJACENT_TOP,Alive2: Bounded Translation Validation for LLVM,adjacent top venue,2021,10.1145/3453483.3454030,PLDI; bounded validation,NOT_MEASURED,NOT_MEASURED,NOT_MEASURED,NOT_MEASURED,NOT_MEASURED,NOT_MEASURED,NOT_MEASURED,NOT_MEASURED,NOT_MEASURED,problem-gap-method-evidence inferred only where abstract available,NOT_MEASURED,metadata/abstract only,NOT_MEASURED,full-text measurement unavailable; do not use numeric calibration,METADATA_COMPLETE_STRUCTURE_UNMEASURED,No award claim. Publisher full-text measurement was not available in the bounded run.
ADJACENT_TOP,in-toto: Providing Farm-to-Table Guarantees for Bits and Bytes,adjacent top venue,2019,USENIX-SECURITY-2019-IN-TOTO,USENIX Security; provenance chain,NOT_MEASURED,NOT_MEASURED,NOT_MEASURED,NOT_MEASURED,NOT_MEASURED,NOT_MEASURED,NOT_MEASURED,NOT_MEASURED,NOT_MEASURED,problem-gap-method-evidence inferred only where abstract available,NOT_MEASURED,metadata/abstract only,NOT_MEASURED,full-text measurement unavailable; do not use numeric calibration,METADATA_COMPLETE_STRUCTURE_UNMEASURED,No award claim. Publisher full-text measurement was not available in the bounded run.
