order,variant,behavior_rate,payload_rate,traceability,erasures,errors,verdict_class
1,baseline,1.0,1.0,1.0,0.0,0.0,PASS
2,rename,1.0,1.0,1.0,0.0,0.0,PASS
3,reorder,1.0,1.0,1.0,0.0,0.0,PASS
4,extract,1.0,1.0,1.0,0.0,0.0,PASS
5,dependency_upgrade,1.0,1.0,1.0,0.0,0.0,PASS
6,format,1.0,1.0,1.0,0.0,0.0,PASS
7,erase_tolerable,1.0,1.0,0.9285714285714286,2.0,0.0,PASS
8,merge_tolerable,1.0,1.0,0.9285714285714286,2.0,0.0,PASS
9,flip_tolerable,1.0,1.0,0.9285714285714286,2.0,2.0,PASS
10,recovery_break,1.0,0.0,0.9642857142857143,1.0,1.0,REJECT
11,reseed,1.0,1.0,0.0,0.0,0.0,REJECT
12,behavior_drift,0.0,1.0,1.0,0.0,0.0,REJECT
