path,bytes,sha256,action
artifact/results/raw/base64_state/baseline/clang_o0.out,65536,22a180a902687cdd882d23fdce26cf183b5044a039199d1108b5929c1f35e9c1,verified-existing
artifact/results/raw/base64_state/baseline/clang_o2.out,65536,22a180a902687cdd882d23fdce26cf183b5044a039199d1108b5929c1f35e9c1,verified-existing
artifact/results/raw/base64_state/baseline/gcc_o0.out,65536,22a180a902687cdd882d23fdce26cf183b5044a039199d1108b5929c1f35e9c1,verified-existing
artifact/results/raw/base64_state/baseline/gcc_o2.out,65536,22a180a902687cdd882d23fdce26cf183b5044a039199d1108b5929c1f35e9c1,verified-existing
artifact/results/raw/base64_state/behavior_drift/clang_o0.out,65536,d266482c49e7f6e43d2508738488565a4f92d532e7451f40a38f26dc002c8530,verified-existing
artifact/results/raw/base64_state/behavior_drift/clang_o2.out,65536,d266482c49e7f6e43d2508738488565a4f92d532e7451f40a38f26dc002c8530,verified-existing
artifact/results/raw/base64_state/behavior_drift/gcc_o0.out,65536,d266482c49e7f6e43d2508738488565a4f92d532e7451f40a38f26dc002c8530,verified-existing
artifact/results/raw/base64_state/behavior_drift/gcc_o2.out,65536,d266482c49e7f6e43d2508738488565a4f92d532e7451f40a38f26dc002c8530,verified-existing
artifact/results/raw/base64_state/dependency_upgrade/clang_o0.out,65536,22a180a902687cdd882d23fdce26cf183b5044a039199d1108b5929c1f35e9c1,verified-existing
artifact/results/raw/base64_state/dependency_upgrade/clang_o2.out,65536,22a180a902687cdd882d23fdce26cf183b5044a039199d1108b5929c1f35e9c1,verified-existing
artifact/results/raw/base64_state/dependency_upgrade/gcc_o0.out,65536,22a180a902687cdd882d23fdce26cf183b5044a039199d1108b5929c1f35e9c1,verified-existing
artifact/results/raw/base64_state/dependency_upgrade/gcc_o2.out,65536,22a180a902687cdd882d23fdce26cf183b5044a039199d1108b5929c1f35e9c1,verified-existing
artifact/results/raw/base64_state/erase_tolerable/clang_o0.out,65536,22a180a902687cdd882d23fdce26cf183b5044a039199d1108b5929c1f35e9c1,verified-existing
artifact/results/raw/base64_state/erase_tolerable/clang_o2.out,65536,22a180a902687cdd882d23fdce26cf183b5044a039199d1108b5929c1f35e9c1,verified-existing
artifact/results/raw/base64_state/erase_tolerable/gcc_o0.out,65536,22a180a902687cdd882d23fdce26cf183b5044a039199d1108b5929c1f35e9c1,verified-existing
artifact/results/raw/base64_state/erase_tolerable/gcc_o2.out,65536,22a180a902687cdd882d23fdce26cf183b5044a039199d1108b5929c1f35e9c1,verified-existing
artifact/results/raw/base64_state/extract/clang_o0.out,65536,22a180a902687cdd882d23fdce26cf183b5044a039199d1108b5929c1f35e9c1,verified-existing
artifact/results/raw/base64_state/extract/clang_o2.out,65536,22a180a902687cdd882d23fdce26cf183b5044a039199d1108b5929c1f35e9c1,verified-existing
artifact/results/raw/base64_state/extract/gcc_o0.out,65536,22a180a902687cdd882d23fdce26cf183b5044a039199d1108b5929c1f35e9c1,verified-existing
artifact/results/raw/base64_state/extract/gcc_o2.out,65536,22a180a902687cdd882d23fdce26cf183b5044a039199d1108b5929c1f35e9c1,verified-existing
artifact/results/raw/base64_state/flip_tolerable/clang_o0.out,65536,22a180a902687cdd882d23fdce26cf183b5044a039199d1108b5929c1f35e9c1,verified-existing
artifact/results/raw/base64_state/flip_tolerable/clang_o2.out,65536,22a180a902687cdd882d23fdce26cf183b5044a039199d1108b5929c1f35e9c1,verified-existing
artifact/results/raw/base64_state/flip_tolerable/gcc_o0.out,65536,22a180a902687cdd882d23fdce26cf183b5044a039199d1108b5929c1f35e9c1,verified-existing
artifact/results/raw/base64_state/flip_tolerable/gcc_o2.out,65536,22a180a902687cdd882d23fdce26cf183b5044a039199d1108b5929c1f35e9c1,verified-existing
artifact/results/raw/base64_state/format/clang_o0.out,65536,22a180a902687cdd882d23fdce26cf183b5044a039199d1108b5929c1f35e9c1,verified-existing
artifact/results/raw/base64_state/format/clang_o2.out,65536,22a180a902687cdd882d23fdce26cf183b5044a039199d1108b5929c1f35e9c1,verified-existing
artifact/results/raw/base64_state/format/gcc_o0.out,65536,22a180a902687cdd882d23fdce26cf183b5044a039199d1108b5929c1f35e9c1,verified-existing
artifact/results/raw/base64_state/format/gcc_o2.out,65536,22a180a902687cdd882d23fdce26cf183b5044a039199d1108b5929c1f35e9c1,verified-existing
artifact/results/raw/base64_state/merge_tolerable/clang_o0.out,65536,22a180a902687cdd882d23fdce26cf183b5044a039199d1108b5929c1f35e9c1,verified-existing
artifact/results/raw/base64_state/merge_tolerable/clang_o2.out,65536,22a180a902687cdd882d23fdce26cf183b5044a039199d1108b5929c1f35e9c1,verified-existing
artifact/results/raw/base64_state/merge_tolerable/gcc_o0.out,65536,22a180a902687cdd882d23fdce26cf183b5044a039199d1108b5929c1f35e9c1,verified-existing
artifact/results/raw/base64_state/merge_tolerable/gcc_o2.out,65536,22a180a902687cdd882d23fdce26cf183b5044a039199d1108b5929c1f35e9c1,verified-existing
artifact/results/raw/base64_state/recovery_break/clang_o0.out,65536,22a180a902687cdd882d23fdce26cf183b5044a039199d1108b5929c1f35e9c1,verified-existing
artifact/results/raw/base64_state/recovery_break/clang_o2.out,65536,22a180a902687cdd882d23fdce26cf183b5044a039199d1108b5929c1f35e9c1,verified-existing
artifact/results/raw/base64_state/recovery_break/gcc_o0.out,65536,22a180a902687cdd882d23fdce26cf183b5044a039199d1108b5929c1f35e9c1,verified-existing
artifact/results/raw/base64_state/recovery_break/gcc_o2.out,65536,22a180a902687cdd882d23fdce26cf183b5044a039199d1108b5929c1f35e9c1,verified-existing
artifact/results/raw/base64_state/rename/clang_o0.out,65536,22a180a902687cdd882d23fdce26cf183b5044a039199d1108b5929c1f35e9c1,verified-existing
artifact/results/raw/base64_state/rename/clang_o2.out,65536,22a180a902687cdd882d23fdce26cf183b5044a039199d1108b5929c1f35e9c1,verified-existing
artifact/results/raw/base64_state/rename/gcc_o0.out,65536,22a180a902687cdd882d23fdce26cf183b5044a039199d1108b5929c1f35e9c1,verified-existing
artifact/results/raw/base64_state/rename/gcc_o2.out,65536,22a180a902687cdd882d23fdce26cf183b5044a039199d1108b5929c1f35e9c1,verified-existing
artifact/results/raw/base64_state/reorder/clang_o0.out,65536,22a180a902687cdd882d23fdce26cf183b5044a039199d1108b5929c1f35e9c1,verified-existing
artifact/results/raw/base64_state/reorder/clang_o2.out,65536,22a180a902687cdd882d23fdce26cf183b5044a039199d1108b5929c1f35e9c1,verified-existing
artifact/results/raw/base64_state/reorder/gcc_o0.out,65536,22a180a902687cdd882d23fdce26cf183b5044a039199d1108b5929c1f35e9c1,verified-existing
artifact/results/raw/base64_state/reorder/gcc_o2.out,65536,22a180a902687cdd882d23fdce26cf183b5044a039199d1108b5929c1f35e9c1,verified-existing
artifact/results/raw/base64_state/reseed/clang_o0.out,65536,22a180a902687cdd882d23fdce26cf183b5044a039199d1108b5929c1f35e9c1,verified-existing
artifact/results/raw/base64_state/reseed/clang_o2.out,65536,22a180a902687cdd882d23fdce26cf183b5044a039199d1108b5929c1f35e9c1,verified-existing
artifact/results/raw/base64_state/reseed/gcc_o0.out,65536,22a180a902687cdd882d23fdce26cf183b5044a039199d1108b5929c1f35e9c1,verified-existing
artifact/results/raw/base64_state/reseed/gcc_o2.out,65536,22a180a902687cdd882d23fdce26cf183b5044a039199d1108b5929c1f35e9c1,verified-existing
artifact/results/raw/branch_mix/baseline/clang_o0.out,65536,808cb4895ed32670f8bab344f9c7116f2ebf9c2ecbcdd8f15095b911a83b24ff,verified-existing
artifact/results/raw/branch_mix/baseline/clang_o2.out,65536,808cb4895ed32670f8bab344f9c7116f2ebf9c2ecbcdd8f15095b911a83b24ff,verified-existing
artifact/results/raw/branch_mix/baseline/gcc_o0.out,65536,808cb4895ed32670f8bab344f9c7116f2ebf9c2ecbcdd8f15095b911a83b24ff,verified-existing
artifact/results/raw/branch_mix/baseline/gcc_o2.out,65536,808cb4895ed32670f8bab344f9c7116f2ebf9c2ecbcdd8f15095b911a83b24ff,verified-existing
artifact/results/raw/branch_mix/behavior_drift/clang_o0.out,65536,a7ca1b42859f00982989dde82e9722635e10add54d2749052be7e53789e30427,verified-existing
artifact/results/raw/branch_mix/behavior_drift/clang_o2.out,65536,a7ca1b42859f00982989dde82e9722635e10add54d2749052be7e53789e30427,verified-existing
artifact/results/raw/branch_mix/behavior_drift/gcc_o0.out,65536,a7ca1b42859f00982989dde82e9722635e10add54d2749052be7e53789e30427,verified-existing
artifact/results/raw/branch_mix/behavior_drift/gcc_o2.out,65536,a7ca1b42859f00982989dde82e9722635e10add54d2749052be7e53789e30427,verified-existing
artifact/results/raw/branch_mix/dependency_upgrade/clang_o0.out,65536,808cb4895ed32670f8bab344f9c7116f2ebf9c2ecbcdd8f15095b911a83b24ff,verified-existing
artifact/results/raw/branch_mix/dependency_upgrade/clang_o2.out,65536,808cb4895ed32670f8bab344f9c7116f2ebf9c2ecbcdd8f15095b911a83b24ff,verified-existing
artifact/results/raw/branch_mix/dependency_upgrade/gcc_o0.out,65536,808cb4895ed32670f8bab344f9c7116f2ebf9c2ecbcdd8f15095b911a83b24ff,verified-existing
artifact/results/raw/branch_mix/dependency_upgrade/gcc_o2.out,65536,808cb4895ed32670f8bab344f9c7116f2ebf9c2ecbcdd8f15095b911a83b24ff,verified-existing
artifact/results/raw/branch_mix/erase_tolerable/clang_o0.out,65536,808cb4895ed32670f8bab344f9c7116f2ebf9c2ecbcdd8f15095b911a83b24ff,verified-existing
artifact/results/raw/branch_mix/erase_tolerable/clang_o2.out,65536,808cb4895ed32670f8bab344f9c7116f2ebf9c2ecbcdd8f15095b911a83b24ff,verified-existing
artifact/results/raw/branch_mix/erase_tolerable/gcc_o0.out,65536,808cb4895ed32670f8bab344f9c7116f2ebf9c2ecbcdd8f15095b911a83b24ff,verified-existing
artifact/results/raw/branch_mix/erase_tolerable/gcc_o2.out,65536,808cb4895ed32670f8bab344f9c7116f2ebf9c2ecbcdd8f15095b911a83b24ff,verified-existing
artifact/results/raw/branch_mix/extract/clang_o0.out,65536,808cb4895ed32670f8bab344f9c7116f2ebf9c2ecbcdd8f15095b911a83b24ff,verified-existing
artifact/results/raw/branch_mix/extract/clang_o2.out,65536,808cb4895ed32670f8bab344f9c7116f2ebf9c2ecbcdd8f15095b911a83b24ff,verified-existing
artifact/results/raw/branch_mix/extract/gcc_o0.out,65536,808cb4895ed32670f8bab344f9c7116f2ebf9c2ecbcdd8f15095b911a83b24ff,verified-existing
artifact/results/raw/branch_mix/extract/gcc_o2.out,65536,808cb4895ed32670f8bab344f9c7116f2ebf9c2ecbcdd8f15095b911a83b24ff,verified-existing
artifact/results/raw/branch_mix/flip_tolerable/clang_o0.out,65536,808cb4895ed32670f8bab344f9c7116f2ebf9c2ecbcdd8f15095b911a83b24ff,verified-existing
artifact/results/raw/branch_mix/flip_tolerable/clang_o2.out,65536,808cb4895ed32670f8bab344f9c7116f2ebf9c2ecbcdd8f15095b911a83b24ff,verified-existing
artifact/results/raw/branch_mix/flip_tolerable/gcc_o0.out,65536,808cb4895ed32670f8bab344f9c7116f2ebf9c2ecbcdd8f15095b911a83b24ff,verified-existing
artifact/results/raw/branch_mix/flip_tolerable/gcc_o2.out,65536,808cb4895ed32670f8bab344f9c7116f2ebf9c2ecbcdd8f15095b911a83b24ff,verified-existing
artifact/results/raw/branch_mix/format/clang_o0.out,65536,808cb4895ed32670f8bab344f9c7116f2ebf9c2ecbcdd8f15095b911a83b24ff,verified-existing
artifact/results/raw/branch_mix/format/clang_o2.out,65536,808cb4895ed32670f8bab344f9c7116f2ebf9c2ecbcdd8f15095b911a83b24ff,verified-existing
artifact/results/raw/branch_mix/format/gcc_o0.out,65536,808cb4895ed32670f8bab344f9c7116f2ebf9c2ecbcdd8f15095b911a83b24ff,verified-existing
artifact/results/raw/branch_mix/format/gcc_o2.out,65536,808cb4895ed32670f8bab344f9c7116f2ebf9c2ecbcdd8f15095b911a83b24ff,verified-existing
artifact/results/raw/branch_mix/merge_tolerable/clang_o0.out,65536,808cb4895ed32670f8bab344f9c7116f2ebf9c2ecbcdd8f15095b911a83b24ff,verified-existing
artifact/results/raw/branch_mix/merge_tolerable/clang_o2.out,65536,808cb4895ed32670f8bab344f9c7116f2ebf9c2ecbcdd8f15095b911a83b24ff,verified-existing
artifact/results/raw/branch_mix/merge_tolerable/gcc_o0.out,65536,808cb4895ed32670f8bab344f9c7116f2ebf9c2ecbcdd8f15095b911a83b24ff,verified-existing
artifact/results/raw/branch_mix/merge_tolerable/gcc_o2.out,65536,808cb4895ed32670f8bab344f9c7116f2ebf9c2ecbcdd8f15095b911a83b24ff,verified-existing
artifact/results/raw/branch_mix/recovery_break/clang_o0.out,65536,808cb4895ed32670f8bab344f9c7116f2ebf9c2ecbcdd8f15095b911a83b24ff,verified-existing
artifact/results/raw/branch_mix/recovery_break/clang_o2.out,65536,808cb4895ed32670f8bab344f9c7116f2ebf9c2ecbcdd8f15095b911a83b24ff,verified-existing
artifact/results/raw/branch_mix/recovery_break/gcc_o0.out,65536,808cb4895ed32670f8bab344f9c7116f2ebf9c2ecbcdd8f15095b911a83b24ff,verified-existing
artifact/results/raw/branch_mix/recovery_break/gcc_o2.out,65536,808cb4895ed32670f8bab344f9c7116f2ebf9c2ecbcdd8f15095b911a83b24ff,verified-existing
artifact/results/raw/branch_mix/rename/clang_o0.out,65536,808cb4895ed32670f8bab344f9c7116f2ebf9c2ecbcdd8f15095b911a83b24ff,verified-existing
artifact/results/raw/branch_mix/rename/clang_o2.out,65536,808cb4895ed32670f8bab344f9c7116f2ebf9c2ecbcdd8f15095b911a83b24ff,verified-existing
artifact/results/raw/branch_mix/rename/gcc_o0.out,65536,808cb4895ed32670f8bab344f9c7116f2ebf9c2ecbcdd8f15095b911a83b24ff,verified-existing
artifact/results/raw/branch_mix/rename/gcc_o2.out,65536,808cb4895ed32670f8bab344f9c7116f2ebf9c2ecbcdd8f15095b911a83b24ff,verified-existing
artifact/results/raw/branch_mix/reorder/clang_o0.out,65536,808cb4895ed32670f8bab344f9c7116f2ebf9c2ecbcdd8f15095b911a83b24ff,verified-existing
artifact/results/raw/branch_mix/reorder/clang_o2.out,65536,808cb4895ed32670f8bab344f9c7116f2ebf9c2ecbcdd8f15095b911a83b24ff,verified-existing
artifact/results/raw/branch_mix/reorder/gcc_o0.out,65536,808cb4895ed32670f8bab344f9c7116f2ebf9c2ecbcdd8f15095b911a83b24ff,verified-existing
artifact/results/raw/branch_mix/reorder/gcc_o2.out,65536,808cb4895ed32670f8bab344f9c7116f2ebf9c2ecbcdd8f15095b911a83b24ff,verified-existing
artifact/results/raw/branch_mix/reseed/clang_o0.out,65536,808cb4895ed32670f8bab344f9c7116f2ebf9c2ecbcdd8f15095b911a83b24ff,verified-existing
artifact/results/raw/branch_mix/reseed/clang_o2.out,65536,808cb4895ed32670f8bab344f9c7116f2ebf9c2ecbcdd8f15095b911a83b24ff,verified-existing
artifact/results/raw/branch_mix/reseed/gcc_o0.out,65536,808cb4895ed32670f8bab344f9c7116f2ebf9c2ecbcdd8f15095b911a83b24ff,verified-existing
artifact/results/raw/branch_mix/reseed/gcc_o2.out,65536,808cb4895ed32670f8bab344f9c7116f2ebf9c2ecbcdd8f15095b911a83b24ff,verified-existing
artifact/results/raw/crc8_step/baseline/clang_o0.out,65536,cce644f78658d160a477e4f22ca1aee276630896d90cec41b818cc0eb485b270,verified-existing
artifact/results/raw/crc8_step/baseline/clang_o2.out,65536,cce644f78658d160a477e4f22ca1aee276630896d90cec41b818cc0eb485b270,verified-existing
artifact/results/raw/crc8_step/baseline/gcc_o0.out,65536,cce644f78658d160a477e4f22ca1aee276630896d90cec41b818cc0eb485b270,verified-existing
artifact/results/raw/crc8_step/baseline/gcc_o2.out,65536,cce644f78658d160a477e4f22ca1aee276630896d90cec41b818cc0eb485b270,verified-existing
artifact/results/raw/crc8_step/behavior_drift/clang_o0.out,65536,828ad8a0d83092c984d7031232553bf7789932b396cf928164c4acc8328eb1cd,verified-existing
artifact/results/raw/crc8_step/behavior_drift/clang_o2.out,65536,828ad8a0d83092c984d7031232553bf7789932b396cf928164c4acc8328eb1cd,verified-existing
artifact/results/raw/crc8_step/behavior_drift/gcc_o0.out,65536,828ad8a0d83092c984d7031232553bf7789932b396cf928164c4acc8328eb1cd,verified-existing
artifact/results/raw/crc8_step/behavior_drift/gcc_o2.out,65536,828ad8a0d83092c984d7031232553bf7789932b396cf928164c4acc8328eb1cd,verified-existing
artifact/results/raw/crc8_step/dependency_upgrade/clang_o0.out,65536,cce644f78658d160a477e4f22ca1aee276630896d90cec41b818cc0eb485b270,verified-existing
artifact/results/raw/crc8_step/dependency_upgrade/clang_o2.out,65536,cce644f78658d160a477e4f22ca1aee276630896d90cec41b818cc0eb485b270,verified-existing
artifact/results/raw/crc8_step/dependency_upgrade/gcc_o0.out,65536,cce644f78658d160a477e4f22ca1aee276630896d90cec41b818cc0eb485b270,verified-existing
artifact/results/raw/crc8_step/dependency_upgrade/gcc_o2.out,65536,cce644f78658d160a477e4f22ca1aee276630896d90cec41b818cc0eb485b270,verified-existing
artifact/results/raw/crc8_step/erase_tolerable/clang_o0.out,65536,cce644f78658d160a477e4f22ca1aee276630896d90cec41b818cc0eb485b270,verified-existing
artifact/results/raw/crc8_step/erase_tolerable/clang_o2.out,65536,cce644f78658d160a477e4f22ca1aee276630896d90cec41b818cc0eb485b270,verified-existing
artifact/results/raw/crc8_step/erase_tolerable/gcc_o0.out,65536,cce644f78658d160a477e4f22ca1aee276630896d90cec41b818cc0eb485b270,verified-existing
artifact/results/raw/crc8_step/erase_tolerable/gcc_o2.out,65536,cce644f78658d160a477e4f22ca1aee276630896d90cec41b818cc0eb485b270,verified-existing
artifact/results/raw/crc8_step/extract/clang_o0.out,65536,cce644f78658d160a477e4f22ca1aee276630896d90cec41b818cc0eb485b270,verified-existing
artifact/results/raw/crc8_step/extract/clang_o2.out,65536,cce644f78658d160a477e4f22ca1aee276630896d90cec41b818cc0eb485b270,verified-existing
artifact/results/raw/crc8_step/extract/gcc_o0.out,65536,cce644f78658d160a477e4f22ca1aee276630896d90cec41b818cc0eb485b270,verified-existing
artifact/results/raw/crc8_step/extract/gcc_o2.out,65536,cce644f78658d160a477e4f22ca1aee276630896d90cec41b818cc0eb485b270,verified-existing
artifact/results/raw/crc8_step/flip_tolerable/clang_o0.out,65536,cce644f78658d160a477e4f22ca1aee276630896d90cec41b818cc0eb485b270,verified-existing
artifact/results/raw/crc8_step/flip_tolerable/clang_o2.out,65536,cce644f78658d160a477e4f22ca1aee276630896d90cec41b818cc0eb485b270,verified-existing
artifact/results/raw/crc8_step/flip_tolerable/gcc_o0.out,65536,cce644f78658d160a477e4f22ca1aee276630896d90cec41b818cc0eb485b270,verified-existing
artifact/results/raw/crc8_step/flip_tolerable/gcc_o2.out,65536,cce644f78658d160a477e4f22ca1aee276630896d90cec41b818cc0eb485b270,verified-existing
artifact/results/raw/crc8_step/format/clang_o0.out,65536,cce644f78658d160a477e4f22ca1aee276630896d90cec41b818cc0eb485b270,verified-existing
artifact/results/raw/crc8_step/format/clang_o2.out,65536,cce644f78658d160a477e4f22ca1aee276630896d90cec41b818cc0eb485b270,verified-existing
artifact/results/raw/crc8_step/format/gcc_o0.out,65536,cce644f78658d160a477e4f22ca1aee276630896d90cec41b818cc0eb485b270,verified-existing
artifact/results/raw/crc8_step/format/gcc_o2.out,65536,cce644f78658d160a477e4f22ca1aee276630896d90cec41b818cc0eb485b270,verified-existing
artifact/results/raw/crc8_step/merge_tolerable/clang_o0.out,65536,cce644f78658d160a477e4f22ca1aee276630896d90cec41b818cc0eb485b270,verified-existing
artifact/results/raw/crc8_step/merge_tolerable/clang_o2.out,65536,cce644f78658d160a477e4f22ca1aee276630896d90cec41b818cc0eb485b270,verified-existing
artifact/results/raw/crc8_step/merge_tolerable/gcc_o0.out,65536,cce644f78658d160a477e4f22ca1aee276630896d90cec41b818cc0eb485b270,verified-existing
artifact/results/raw/crc8_step/merge_tolerable/gcc_o2.out,65536,cce644f78658d160a477e4f22ca1aee276630896d90cec41b818cc0eb485b270,verified-existing
artifact/results/raw/crc8_step/recovery_break/clang_o0.out,65536,cce644f78658d160a477e4f22ca1aee276630896d90cec41b818cc0eb485b270,verified-existing
artifact/results/raw/crc8_step/recovery_break/clang_o2.out,65536,cce644f78658d160a477e4f22ca1aee276630896d90cec41b818cc0eb485b270,verified-existing
artifact/results/raw/crc8_step/recovery_break/gcc_o0.out,65536,cce644f78658d160a477e4f22ca1aee276630896d90cec41b818cc0eb485b270,verified-existing
artifact/results/raw/crc8_step/recovery_break/gcc_o2.out,65536,cce644f78658d160a477e4f22ca1aee276630896d90cec41b818cc0eb485b270,verified-existing
artifact/results/raw/crc8_step/rename/clang_o0.out,65536,cce644f78658d160a477e4f22ca1aee276630896d90cec41b818cc0eb485b270,verified-existing
artifact/results/raw/crc8_step/rename/clang_o2.out,65536,cce644f78658d160a477e4f22ca1aee276630896d90cec41b818cc0eb485b270,verified-existing
artifact/results/raw/crc8_step/rename/gcc_o0.out,65536,cce644f78658d160a477e4f22ca1aee276630896d90cec41b818cc0eb485b270,verified-existing
artifact/results/raw/crc8_step/rename/gcc_o2.out,65536,cce644f78658d160a477e4f22ca1aee276630896d90cec41b818cc0eb485b270,verified-existing
artifact/results/raw/crc8_step/reorder/clang_o0.out,65536,cce644f78658d160a477e4f22ca1aee276630896d90cec41b818cc0eb485b270,verified-existing
artifact/results/raw/crc8_step/reorder/clang_o2.out,65536,cce644f78658d160a477e4f22ca1aee276630896d90cec41b818cc0eb485b270,verified-existing
artifact/results/raw/crc8_step/reorder/gcc_o0.out,65536,cce644f78658d160a477e4f22ca1aee276630896d90cec41b818cc0eb485b270,verified-existing
artifact/results/raw/crc8_step/reorder/gcc_o2.out,65536,cce644f78658d160a477e4f22ca1aee276630896d90cec41b818cc0eb485b270,verified-existing
artifact/results/raw/crc8_step/reseed/clang_o0.out,65536,cce644f78658d160a477e4f22ca1aee276630896d90cec41b818cc0eb485b270,verified-existing
artifact/results/raw/crc8_step/reseed/clang_o2.out,65536,cce644f78658d160a477e4f22ca1aee276630896d90cec41b818cc0eb485b270,verified-existing
artifact/results/raw/crc8_step/reseed/gcc_o0.out,65536,cce644f78658d160a477e4f22ca1aee276630896d90cec41b818cc0eb485b270,verified-existing
artifact/results/raw/crc8_step/reseed/gcc_o2.out,65536,cce644f78658d160a477e4f22ca1aee276630896d90cec41b818cc0eb485b270,verified-existing
artifact/results/raw/fletcher_step/baseline/clang_o0.out,65536,c66de56490a7d3a9b2958033c4088ae12fa623e739c66ceea52ae6968146a887,verified-existing
artifact/results/raw/fletcher_step/baseline/clang_o2.out,65536,c66de56490a7d3a9b2958033c4088ae12fa623e739c66ceea52ae6968146a887,verified-existing
artifact/results/raw/fletcher_step/baseline/gcc_o0.out,65536,c66de56490a7d3a9b2958033c4088ae12fa623e739c66ceea52ae6968146a887,verified-existing
artifact/results/raw/fletcher_step/baseline/gcc_o2.out,65536,c66de56490a7d3a9b2958033c4088ae12fa623e739c66ceea52ae6968146a887,verified-existing
artifact/results/raw/fletcher_step/behavior_drift/clang_o0.out,65536,8deeae316e56c0452117b6b9949aac0a1510abc512abc198fdd207f7625d1b03,verified-existing
artifact/results/raw/fletcher_step/behavior_drift/clang_o2.out,65536,8deeae316e56c0452117b6b9949aac0a1510abc512abc198fdd207f7625d1b03,verified-existing
artifact/results/raw/fletcher_step/behavior_drift/gcc_o0.out,65536,8deeae316e56c0452117b6b9949aac0a1510abc512abc198fdd207f7625d1b03,verified-existing
artifact/results/raw/fletcher_step/behavior_drift/gcc_o2.out,65536,8deeae316e56c0452117b6b9949aac0a1510abc512abc198fdd207f7625d1b03,verified-existing
artifact/results/raw/fletcher_step/dependency_upgrade/clang_o0.out,65536,c66de56490a7d3a9b2958033c4088ae12fa623e739c66ceea52ae6968146a887,verified-existing
artifact/results/raw/fletcher_step/dependency_upgrade/clang_o2.out,65536,c66de56490a7d3a9b2958033c4088ae12fa623e739c66ceea52ae6968146a887,verified-existing
artifact/results/raw/fletcher_step/dependency_upgrade/gcc_o0.out,65536,c66de56490a7d3a9b2958033c4088ae12fa623e739c66ceea52ae6968146a887,verified-existing
artifact/results/raw/fletcher_step/dependency_upgrade/gcc_o2.out,65536,c66de56490a7d3a9b2958033c4088ae12fa623e739c66ceea52ae6968146a887,verified-existing
artifact/results/raw/fletcher_step/erase_tolerable/clang_o0.out,65536,c66de56490a7d3a9b2958033c4088ae12fa623e739c66ceea52ae6968146a887,verified-existing
artifact/results/raw/fletcher_step/erase_tolerable/clang_o2.out,65536,c66de56490a7d3a9b2958033c4088ae12fa623e739c66ceea52ae6968146a887,verified-existing
artifact/results/raw/fletcher_step/erase_tolerable/gcc_o0.out,65536,c66de56490a7d3a9b2958033c4088ae12fa623e739c66ceea52ae6968146a887,verified-existing
artifact/results/raw/fletcher_step/erase_tolerable/gcc_o2.out,65536,c66de56490a7d3a9b2958033c4088ae12fa623e739c66ceea52ae6968146a887,verified-existing
artifact/results/raw/fletcher_step/extract/clang_o0.out,65536,c66de56490a7d3a9b2958033c4088ae12fa623e739c66ceea52ae6968146a887,verified-existing
artifact/results/raw/fletcher_step/extract/clang_o2.out,65536,c66de56490a7d3a9b2958033c4088ae12fa623e739c66ceea52ae6968146a887,verified-existing
artifact/results/raw/fletcher_step/extract/gcc_o0.out,65536,c66de56490a7d3a9b2958033c4088ae12fa623e739c66ceea52ae6968146a887,verified-existing
artifact/results/raw/fletcher_step/extract/gcc_o2.out,65536,c66de56490a7d3a9b2958033c4088ae12fa623e739c66ceea52ae6968146a887,verified-existing
artifact/results/raw/fletcher_step/flip_tolerable/clang_o0.out,65536,c66de56490a7d3a9b2958033c4088ae12fa623e739c66ceea52ae6968146a887,verified-existing
artifact/results/raw/fletcher_step/flip_tolerable/clang_o2.out,65536,c66de56490a7d3a9b2958033c4088ae12fa623e739c66ceea52ae6968146a887,verified-existing
artifact/results/raw/fletcher_step/flip_tolerable/gcc_o0.out,65536,c66de56490a7d3a9b2958033c4088ae12fa623e739c66ceea52ae6968146a887,verified-existing
artifact/results/raw/fletcher_step/flip_tolerable/gcc_o2.out,65536,c66de56490a7d3a9b2958033c4088ae12fa623e739c66ceea52ae6968146a887,verified-existing
artifact/results/raw/fletcher_step/format/clang_o0.out,65536,c66de56490a7d3a9b2958033c4088ae12fa623e739c66ceea52ae6968146a887,verified-existing
artifact/results/raw/fletcher_step/format/clang_o2.out,65536,c66de56490a7d3a9b2958033c4088ae12fa623e739c66ceea52ae6968146a887,verified-existing
artifact/results/raw/fletcher_step/format/gcc_o0.out,65536,c66de56490a7d3a9b2958033c4088ae12fa623e739c66ceea52ae6968146a887,verified-existing
artifact/results/raw/fletcher_step/format/gcc_o2.out,65536,c66de56490a7d3a9b2958033c4088ae12fa623e739c66ceea52ae6968146a887,verified-existing
artifact/results/raw/fletcher_step/merge_tolerable/clang_o0.out,65536,c66de56490a7d3a9b2958033c4088ae12fa623e739c66ceea52ae6968146a887,verified-existing
artifact/results/raw/fletcher_step/merge_tolerable/clang_o2.out,65536,c66de56490a7d3a9b2958033c4088ae12fa623e739c66ceea52ae6968146a887,verified-existing
artifact/results/raw/fletcher_step/merge_tolerable/gcc_o0.out,65536,c66de56490a7d3a9b2958033c4088ae12fa623e739c66ceea52ae6968146a887,verified-existing
artifact/results/raw/fletcher_step/merge_tolerable/gcc_o2.out,65536,c66de56490a7d3a9b2958033c4088ae12fa623e739c66ceea52ae6968146a887,verified-existing
artifact/results/raw/fletcher_step/recovery_break/clang_o0.out,65536,c66de56490a7d3a9b2958033c4088ae12fa623e739c66ceea52ae6968146a887,verified-existing
artifact/results/raw/fletcher_step/recovery_break/clang_o2.out,65536,c66de56490a7d3a9b2958033c4088ae12fa623e739c66ceea52ae6968146a887,verified-existing
artifact/results/raw/fletcher_step/recovery_break/gcc_o0.out,65536,c66de56490a7d3a9b2958033c4088ae12fa623e739c66ceea52ae6968146a887,verified-existing
artifact/results/raw/fletcher_step/recovery_break/gcc_o2.out,65536,c66de56490a7d3a9b2958033c4088ae12fa623e739c66ceea52ae6968146a887,verified-existing
artifact/results/raw/fletcher_step/rename/clang_o0.out,65536,c66de56490a7d3a9b2958033c4088ae12fa623e739c66ceea52ae6968146a887,verified-existing
artifact/results/raw/fletcher_step/rename/clang_o2.out,65536,c66de56490a7d3a9b2958033c4088ae12fa623e739c66ceea52ae6968146a887,verified-existing
artifact/results/raw/fletcher_step/rename/gcc_o0.out,65536,c66de56490a7d3a9b2958033c4088ae12fa623e739c66ceea52ae6968146a887,verified-existing
artifact/results/raw/fletcher_step/rename/gcc_o2.out,65536,c66de56490a7d3a9b2958033c4088ae12fa623e739c66ceea52ae6968146a887,verified-existing
artifact/results/raw/fletcher_step/reorder/clang_o0.out,65536,c66de56490a7d3a9b2958033c4088ae12fa623e739c66ceea52ae6968146a887,verified-existing
artifact/results/raw/fletcher_step/reorder/clang_o2.out,65536,c66de56490a7d3a9b2958033c4088ae12fa623e739c66ceea52ae6968146a887,verified-existing
artifact/results/raw/fletcher_step/reorder/gcc_o0.out,65536,c66de56490a7d3a9b2958033c4088ae12fa623e739c66ceea52ae6968146a887,verified-existing
artifact/results/raw/fletcher_step/reorder/gcc_o2.out,65536,c66de56490a7d3a9b2958033c4088ae12fa623e739c66ceea52ae6968146a887,verified-existing
artifact/results/raw/fletcher_step/reseed/clang_o0.out,65536,c66de56490a7d3a9b2958033c4088ae12fa623e739c66ceea52ae6968146a887,verified-existing
artifact/results/raw/fletcher_step/reseed/clang_o2.out,65536,c66de56490a7d3a9b2958033c4088ae12fa623e739c66ceea52ae6968146a887,verified-existing
artifact/results/raw/fletcher_step/reseed/gcc_o0.out,65536,c66de56490a7d3a9b2958033c4088ae12fa623e739c66ceea52ae6968146a887,verified-existing
artifact/results/raw/fletcher_step/reseed/gcc_o2.out,65536,c66de56490a7d3a9b2958033c4088ae12fa623e739c66ceea52ae6968146a887,verified-existing
artifact/results/raw/fnv_step/baseline/clang_o0.out,65536,1c350da5c03f84956e8cac90222ac964eb3ecc7930f7cc20100e63bfb736a140,verified-existing
artifact/results/raw/fnv_step/baseline/clang_o2.out,65536,1c350da5c03f84956e8cac90222ac964eb3ecc7930f7cc20100e63bfb736a140,verified-existing
artifact/results/raw/fnv_step/baseline/gcc_o0.out,65536,1c350da5c03f84956e8cac90222ac964eb3ecc7930f7cc20100e63bfb736a140,verified-existing
artifact/results/raw/fnv_step/baseline/gcc_o2.out,65536,1c350da5c03f84956e8cac90222ac964eb3ecc7930f7cc20100e63bfb736a140,verified-existing
artifact/results/raw/fnv_step/behavior_drift/clang_o0.out,65536,ba9d8586be5eb2a18a3ae66dabf4ffb0d57c4c4ae9013e7e98b1f1b77817d89a,verified-existing
artifact/results/raw/fnv_step/behavior_drift/clang_o2.out,65536,ba9d8586be5eb2a18a3ae66dabf4ffb0d57c4c4ae9013e7e98b1f1b77817d89a,verified-existing
artifact/results/raw/fnv_step/behavior_drift/gcc_o0.out,65536,ba9d8586be5eb2a18a3ae66dabf4ffb0d57c4c4ae9013e7e98b1f1b77817d89a,verified-existing
artifact/results/raw/fnv_step/behavior_drift/gcc_o2.out,65536,ba9d8586be5eb2a18a3ae66dabf4ffb0d57c4c4ae9013e7e98b1f1b77817d89a,verified-existing
artifact/results/raw/fnv_step/dependency_upgrade/clang_o0.out,65536,1c350da5c03f84956e8cac90222ac964eb3ecc7930f7cc20100e63bfb736a140,verified-existing
artifact/results/raw/fnv_step/dependency_upgrade/clang_o2.out,65536,1c350da5c03f84956e8cac90222ac964eb3ecc7930f7cc20100e63bfb736a140,verified-existing
artifact/results/raw/fnv_step/dependency_upgrade/gcc_o0.out,65536,1c350da5c03f84956e8cac90222ac964eb3ecc7930f7cc20100e63bfb736a140,verified-existing
artifact/results/raw/fnv_step/dependency_upgrade/gcc_o2.out,65536,1c350da5c03f84956e8cac90222ac964eb3ecc7930f7cc20100e63bfb736a140,verified-existing
artifact/results/raw/fnv_step/erase_tolerable/clang_o0.out,65536,1c350da5c03f84956e8cac90222ac964eb3ecc7930f7cc20100e63bfb736a140,verified-existing
artifact/results/raw/fnv_step/erase_tolerable/clang_o2.out,65536,1c350da5c03f84956e8cac90222ac964eb3ecc7930f7cc20100e63bfb736a140,verified-existing
artifact/results/raw/fnv_step/erase_tolerable/gcc_o0.out,65536,1c350da5c03f84956e8cac90222ac964eb3ecc7930f7cc20100e63bfb736a140,verified-existing
artifact/results/raw/fnv_step/erase_tolerable/gcc_o2.out,65536,1c350da5c03f84956e8cac90222ac964eb3ecc7930f7cc20100e63bfb736a140,verified-existing
artifact/results/raw/fnv_step/extract/clang_o0.out,65536,1c350da5c03f84956e8cac90222ac964eb3ecc7930f7cc20100e63bfb736a140,verified-existing
artifact/results/raw/fnv_step/extract/clang_o2.out,65536,1c350da5c03f84956e8cac90222ac964eb3ecc7930f7cc20100e63bfb736a140,verified-existing
artifact/results/raw/fnv_step/extract/gcc_o0.out,65536,1c350da5c03f84956e8cac90222ac964eb3ecc7930f7cc20100e63bfb736a140,verified-existing
artifact/results/raw/fnv_step/extract/gcc_o2.out,65536,1c350da5c03f84956e8cac90222ac964eb3ecc7930f7cc20100e63bfb736a140,verified-existing
artifact/results/raw/fnv_step/flip_tolerable/clang_o0.out,65536,1c350da5c03f84956e8cac90222ac964eb3ecc7930f7cc20100e63bfb736a140,verified-existing
artifact/results/raw/fnv_step/flip_tolerable/clang_o2.out,65536,1c350da5c03f84956e8cac90222ac964eb3ecc7930f7cc20100e63bfb736a140,verified-existing
artifact/results/raw/fnv_step/flip_tolerable/gcc_o0.out,65536,1c350da5c03f84956e8cac90222ac964eb3ecc7930f7cc20100e63bfb736a140,verified-existing
artifact/results/raw/fnv_step/flip_tolerable/gcc_o2.out,65536,1c350da5c03f84956e8cac90222ac964eb3ecc7930f7cc20100e63bfb736a140,verified-existing
artifact/results/raw/fnv_step/format/clang_o0.out,65536,1c350da5c03f84956e8cac90222ac964eb3ecc7930f7cc20100e63bfb736a140,verified-existing
artifact/results/raw/fnv_step/format/clang_o2.out,65536,1c350da5c03f84956e8cac90222ac964eb3ecc7930f7cc20100e63bfb736a140,verified-existing
artifact/results/raw/fnv_step/format/gcc_o0.out,65536,1c350da5c03f84956e8cac90222ac964eb3ecc7930f7cc20100e63bfb736a140,verified-existing
artifact/results/raw/fnv_step/format/gcc_o2.out,65536,1c350da5c03f84956e8cac90222ac964eb3ecc7930f7cc20100e63bfb736a140,verified-existing
artifact/results/raw/fnv_step/merge_tolerable/clang_o0.out,65536,1c350da5c03f84956e8cac90222ac964eb3ecc7930f7cc20100e63bfb736a140,verified-existing
artifact/results/raw/fnv_step/merge_tolerable/clang_o2.out,65536,1c350da5c03f84956e8cac90222ac964eb3ecc7930f7cc20100e63bfb736a140,verified-existing
artifact/results/raw/fnv_step/merge_tolerable/gcc_o0.out,65536,1c350da5c03f84956e8cac90222ac964eb3ecc7930f7cc20100e63bfb736a140,verified-existing
artifact/results/raw/fnv_step/merge_tolerable/gcc_o2.out,65536,1c350da5c03f84956e8cac90222ac964eb3ecc7930f7cc20100e63bfb736a140,verified-existing
artifact/results/raw/fnv_step/recovery_break/clang_o0.out,65536,1c350da5c03f84956e8cac90222ac964eb3ecc7930f7cc20100e63bfb736a140,verified-existing
artifact/results/raw/fnv_step/recovery_break/clang_o2.out,65536,1c350da5c03f84956e8cac90222ac964eb3ecc7930f7cc20100e63bfb736a140,verified-existing
artifact/results/raw/fnv_step/recovery_break/gcc_o0.out,65536,1c350da5c03f84956e8cac90222ac964eb3ecc7930f7cc20100e63bfb736a140,verified-existing
artifact/results/raw/fnv_step/recovery_break/gcc_o2.out,65536,1c350da5c03f84956e8cac90222ac964eb3ecc7930f7cc20100e63bfb736a140,verified-existing
artifact/results/raw/fnv_step/rename/clang_o0.out,65536,1c350da5c03f84956e8cac90222ac964eb3ecc7930f7cc20100e63bfb736a140,verified-existing
artifact/results/raw/fnv_step/rename/clang_o2.out,65536,1c350da5c03f84956e8cac90222ac964eb3ecc7930f7cc20100e63bfb736a140,verified-existing
artifact/results/raw/fnv_step/rename/gcc_o0.out,65536,1c350da5c03f84956e8cac90222ac964eb3ecc7930f7cc20100e63bfb736a140,verified-existing
artifact/results/raw/fnv_step/rename/gcc_o2.out,65536,1c350da5c03f84956e8cac90222ac964eb3ecc7930f7cc20100e63bfb736a140,verified-existing
artifact/results/raw/fnv_step/reorder/clang_o0.out,65536,1c350da5c03f84956e8cac90222ac964eb3ecc7930f7cc20100e63bfb736a140,verified-existing
artifact/results/raw/fnv_step/reorder/clang_o2.out,65536,1c350da5c03f84956e8cac90222ac964eb3ecc7930f7cc20100e63bfb736a140,verified-existing
artifact/results/raw/fnv_step/reorder/gcc_o0.out,65536,1c350da5c03f84956e8cac90222ac964eb3ecc7930f7cc20100e63bfb736a140,verified-existing
artifact/results/raw/fnv_step/reorder/gcc_o2.out,65536,1c350da5c03f84956e8cac90222ac964eb3ecc7930f7cc20100e63bfb736a140,verified-existing
artifact/results/raw/fnv_step/reseed/clang_o0.out,65536,1c350da5c03f84956e8cac90222ac964eb3ecc7930f7cc20100e63bfb736a140,verified-existing
artifact/results/raw/fnv_step/reseed/clang_o2.out,65536,1c350da5c03f84956e8cac90222ac964eb3ecc7930f7cc20100e63bfb736a140,verified-existing
artifact/results/raw/fnv_step/reseed/gcc_o0.out,65536,1c350da5c03f84956e8cac90222ac964eb3ecc7930f7cc20100e63bfb736a140,verified-existing
artifact/results/raw/fnv_step/reseed/gcc_o2.out,65536,1c350da5c03f84956e8cac90222ac964eb3ecc7930f7cc20100e63bfb736a140,verified-existing
artifact/results/raw/jenkins_step/baseline/clang_o0.out,65536,6eb762a37dca160c3adfc3c9205a94b75ee11cccb6180db1df7c5db522b53f5e,verified-existing
artifact/results/raw/jenkins_step/baseline/clang_o2.out,65536,6eb762a37dca160c3adfc3c9205a94b75ee11cccb6180db1df7c5db522b53f5e,verified-existing
artifact/results/raw/jenkins_step/baseline/gcc_o0.out,65536,6eb762a37dca160c3adfc3c9205a94b75ee11cccb6180db1df7c5db522b53f5e,verified-existing
artifact/results/raw/jenkins_step/baseline/gcc_o2.out,65536,6eb762a37dca160c3adfc3c9205a94b75ee11cccb6180db1df7c5db522b53f5e,verified-existing
artifact/results/raw/jenkins_step/behavior_drift/clang_o0.out,65536,5bb4a97ce329a36a7e06e1b0d7030dd2ebb19f82844bab5b6608daad210cc40e,verified-existing
artifact/results/raw/jenkins_step/behavior_drift/clang_o2.out,65536,5bb4a97ce329a36a7e06e1b0d7030dd2ebb19f82844bab5b6608daad210cc40e,verified-existing
artifact/results/raw/jenkins_step/behavior_drift/gcc_o0.out,65536,5bb4a97ce329a36a7e06e1b0d7030dd2ebb19f82844bab5b6608daad210cc40e,verified-existing
artifact/results/raw/jenkins_step/behavior_drift/gcc_o2.out,65536,5bb4a97ce329a36a7e06e1b0d7030dd2ebb19f82844bab5b6608daad210cc40e,verified-existing
artifact/results/raw/jenkins_step/dependency_upgrade/clang_o0.out,65536,6eb762a37dca160c3adfc3c9205a94b75ee11cccb6180db1df7c5db522b53f5e,verified-existing
artifact/results/raw/jenkins_step/dependency_upgrade/clang_o2.out,65536,6eb762a37dca160c3adfc3c9205a94b75ee11cccb6180db1df7c5db522b53f5e,verified-existing
artifact/results/raw/jenkins_step/dependency_upgrade/gcc_o0.out,65536,6eb762a37dca160c3adfc3c9205a94b75ee11cccb6180db1df7c5db522b53f5e,verified-existing
artifact/results/raw/jenkins_step/dependency_upgrade/gcc_o2.out,65536,6eb762a37dca160c3adfc3c9205a94b75ee11cccb6180db1df7c5db522b53f5e,verified-existing
artifact/results/raw/jenkins_step/erase_tolerable/clang_o0.out,65536,6eb762a37dca160c3adfc3c9205a94b75ee11cccb6180db1df7c5db522b53f5e,verified-existing
artifact/results/raw/jenkins_step/erase_tolerable/clang_o2.out,65536,6eb762a37dca160c3adfc3c9205a94b75ee11cccb6180db1df7c5db522b53f5e,verified-existing
artifact/results/raw/jenkins_step/erase_tolerable/gcc_o0.out,65536,6eb762a37dca160c3adfc3c9205a94b75ee11cccb6180db1df7c5db522b53f5e,verified-existing
artifact/results/raw/jenkins_step/erase_tolerable/gcc_o2.out,65536,6eb762a37dca160c3adfc3c9205a94b75ee11cccb6180db1df7c5db522b53f5e,verified-existing
artifact/results/raw/jenkins_step/extract/clang_o0.out,65536,6eb762a37dca160c3adfc3c9205a94b75ee11cccb6180db1df7c5db522b53f5e,verified-existing
artifact/results/raw/jenkins_step/extract/clang_o2.out,65536,6eb762a37dca160c3adfc3c9205a94b75ee11cccb6180db1df7c5db522b53f5e,verified-existing
artifact/results/raw/jenkins_step/extract/gcc_o0.out,65536,6eb762a37dca160c3adfc3c9205a94b75ee11cccb6180db1df7c5db522b53f5e,verified-existing
artifact/results/raw/jenkins_step/extract/gcc_o2.out,65536,6eb762a37dca160c3adfc3c9205a94b75ee11cccb6180db1df7c5db522b53f5e,verified-existing
artifact/results/raw/jenkins_step/flip_tolerable/clang_o0.out,65536,6eb762a37dca160c3adfc3c9205a94b75ee11cccb6180db1df7c5db522b53f5e,verified-existing
artifact/results/raw/jenkins_step/flip_tolerable/clang_o2.out,65536,6eb762a37dca160c3adfc3c9205a94b75ee11cccb6180db1df7c5db522b53f5e,verified-existing
artifact/results/raw/jenkins_step/flip_tolerable/gcc_o0.out,65536,6eb762a37dca160c3adfc3c9205a94b75ee11cccb6180db1df7c5db522b53f5e,verified-existing
artifact/results/raw/jenkins_step/flip_tolerable/gcc_o2.out,65536,6eb762a37dca160c3adfc3c9205a94b75ee11cccb6180db1df7c5db522b53f5e,verified-existing
artifact/results/raw/jenkins_step/format/clang_o0.out,65536,6eb762a37dca160c3adfc3c9205a94b75ee11cccb6180db1df7c5db522b53f5e,verified-existing
artifact/results/raw/jenkins_step/format/clang_o2.out,65536,6eb762a37dca160c3adfc3c9205a94b75ee11cccb6180db1df7c5db522b53f5e,verified-existing
artifact/results/raw/jenkins_step/format/gcc_o0.out,65536,6eb762a37dca160c3adfc3c9205a94b75ee11cccb6180db1df7c5db522b53f5e,verified-existing
artifact/results/raw/jenkins_step/format/gcc_o2.out,65536,6eb762a37dca160c3adfc3c9205a94b75ee11cccb6180db1df7c5db522b53f5e,verified-existing
artifact/results/raw/jenkins_step/merge_tolerable/clang_o0.out,65536,6eb762a37dca160c3adfc3c9205a94b75ee11cccb6180db1df7c5db522b53f5e,verified-existing
artifact/results/raw/jenkins_step/merge_tolerable/clang_o2.out,65536,6eb762a37dca160c3adfc3c9205a94b75ee11cccb6180db1df7c5db522b53f5e,verified-existing
artifact/results/raw/jenkins_step/merge_tolerable/gcc_o0.out,65536,6eb762a37dca160c3adfc3c9205a94b75ee11cccb6180db1df7c5db522b53f5e,verified-existing
artifact/results/raw/jenkins_step/merge_tolerable/gcc_o2.out,65536,6eb762a37dca160c3adfc3c9205a94b75ee11cccb6180db1df7c5db522b53f5e,verified-existing
artifact/results/raw/jenkins_step/recovery_break/clang_o0.out,65536,6eb762a37dca160c3adfc3c9205a94b75ee11cccb6180db1df7c5db522b53f5e,verified-existing
artifact/results/raw/jenkins_step/recovery_break/clang_o2.out,65536,6eb762a37dca160c3adfc3c9205a94b75ee11cccb6180db1df7c5db522b53f5e,verified-existing
artifact/results/raw/jenkins_step/recovery_break/gcc_o0.out,65536,6eb762a37dca160c3adfc3c9205a94b75ee11cccb6180db1df7c5db522b53f5e,verified-existing
artifact/results/raw/jenkins_step/recovery_break/gcc_o2.out,65536,6eb762a37dca160c3adfc3c9205a94b75ee11cccb6180db1df7c5db522b53f5e,verified-existing
artifact/results/raw/jenkins_step/rename/clang_o0.out,65536,6eb762a37dca160c3adfc3c9205a94b75ee11cccb6180db1df7c5db522b53f5e,verified-existing
artifact/results/raw/jenkins_step/rename/clang_o2.out,65536,6eb762a37dca160c3adfc3c9205a94b75ee11cccb6180db1df7c5db522b53f5e,verified-existing
artifact/results/raw/jenkins_step/rename/gcc_o0.out,65536,6eb762a37dca160c3adfc3c9205a94b75ee11cccb6180db1df7c5db522b53f5e,verified-existing
artifact/results/raw/jenkins_step/rename/gcc_o2.out,65536,6eb762a37dca160c3adfc3c9205a94b75ee11cccb6180db1df7c5db522b53f5e,verified-existing
artifact/results/raw/jenkins_step/reorder/clang_o0.out,65536,6eb762a37dca160c3adfc3c9205a94b75ee11cccb6180db1df7c5db522b53f5e,verified-existing
artifact/results/raw/jenkins_step/reorder/clang_o2.out,65536,6eb762a37dca160c3adfc3c9205a94b75ee11cccb6180db1df7c5db522b53f5e,verified-existing
artifact/results/raw/jenkins_step/reorder/gcc_o0.out,65536,6eb762a37dca160c3adfc3c9205a94b75ee11cccb6180db1df7c5db522b53f5e,verified-existing
artifact/results/raw/jenkins_step/reorder/gcc_o2.out,65536,6eb762a37dca160c3adfc3c9205a94b75ee11cccb6180db1df7c5db522b53f5e,verified-existing
artifact/results/raw/jenkins_step/reseed/clang_o0.out,65536,6eb762a37dca160c3adfc3c9205a94b75ee11cccb6180db1df7c5db522b53f5e,verified-existing
artifact/results/raw/jenkins_step/reseed/clang_o2.out,65536,6eb762a37dca160c3adfc3c9205a94b75ee11cccb6180db1df7c5db522b53f5e,verified-existing
artifact/results/raw/jenkins_step/reseed/gcc_o0.out,65536,6eb762a37dca160c3adfc3c9205a94b75ee11cccb6180db1df7c5db522b53f5e,verified-existing
artifact/results/raw/jenkins_step/reseed/gcc_o2.out,65536,6eb762a37dca160c3adfc3c9205a94b75ee11cccb6180db1df7c5db522b53f5e,verified-existing
artifact/results/raw/json_state/baseline/clang_o0.out,65536,abf4da61a297e47a26716b66c9111f7f52a8380cdb5b703dff059a5783f67ca2,verified-existing
artifact/results/raw/json_state/baseline/clang_o2.out,65536,abf4da61a297e47a26716b66c9111f7f52a8380cdb5b703dff059a5783f67ca2,verified-existing
artifact/results/raw/json_state/baseline/gcc_o0.out,65536,abf4da61a297e47a26716b66c9111f7f52a8380cdb5b703dff059a5783f67ca2,verified-existing
artifact/results/raw/json_state/baseline/gcc_o2.out,65536,abf4da61a297e47a26716b66c9111f7f52a8380cdb5b703dff059a5783f67ca2,verified-existing
artifact/results/raw/json_state/behavior_drift/clang_o0.out,65536,e08a8762aca91e8c3c5264243f538308f7e244ed87ee85e3881b609af66f47e7,verified-existing
artifact/results/raw/json_state/behavior_drift/clang_o2.out,65536,e08a8762aca91e8c3c5264243f538308f7e244ed87ee85e3881b609af66f47e7,verified-existing
artifact/results/raw/json_state/behavior_drift/gcc_o0.out,65536,e08a8762aca91e8c3c5264243f538308f7e244ed87ee85e3881b609af66f47e7,verified-existing
artifact/results/raw/json_state/behavior_drift/gcc_o2.out,65536,e08a8762aca91e8c3c5264243f538308f7e244ed87ee85e3881b609af66f47e7,verified-existing
artifact/results/raw/json_state/dependency_upgrade/clang_o0.out,65536,abf4da61a297e47a26716b66c9111f7f52a8380cdb5b703dff059a5783f67ca2,verified-existing
artifact/results/raw/json_state/dependency_upgrade/clang_o2.out,65536,abf4da61a297e47a26716b66c9111f7f52a8380cdb5b703dff059a5783f67ca2,verified-existing
artifact/results/raw/json_state/dependency_upgrade/gcc_o0.out,65536,abf4da61a297e47a26716b66c9111f7f52a8380cdb5b703dff059a5783f67ca2,verified-existing
artifact/results/raw/json_state/dependency_upgrade/gcc_o2.out,65536,abf4da61a297e47a26716b66c9111f7f52a8380cdb5b703dff059a5783f67ca2,verified-existing
artifact/results/raw/json_state/erase_tolerable/clang_o0.out,65536,abf4da61a297e47a26716b66c9111f7f52a8380cdb5b703dff059a5783f67ca2,verified-existing
artifact/results/raw/json_state/erase_tolerable/clang_o2.out,65536,abf4da61a297e47a26716b66c9111f7f52a8380cdb5b703dff059a5783f67ca2,verified-existing
artifact/results/raw/json_state/erase_tolerable/gcc_o0.out,65536,abf4da61a297e47a26716b66c9111f7f52a8380cdb5b703dff059a5783f67ca2,verified-existing
artifact/results/raw/json_state/erase_tolerable/gcc_o2.out,65536,abf4da61a297e47a26716b66c9111f7f52a8380cdb5b703dff059a5783f67ca2,verified-existing
artifact/results/raw/json_state/extract/clang_o0.out,65536,abf4da61a297e47a26716b66c9111f7f52a8380cdb5b703dff059a5783f67ca2,verified-existing
artifact/results/raw/json_state/extract/clang_o2.out,65536,abf4da61a297e47a26716b66c9111f7f52a8380cdb5b703dff059a5783f67ca2,verified-existing
artifact/results/raw/json_state/extract/gcc_o0.out,65536,abf4da61a297e47a26716b66c9111f7f52a8380cdb5b703dff059a5783f67ca2,verified-existing
artifact/results/raw/json_state/extract/gcc_o2.out,65536,abf4da61a297e47a26716b66c9111f7f52a8380cdb5b703dff059a5783f67ca2,verified-existing
artifact/results/raw/json_state/flip_tolerable/clang_o0.out,65536,abf4da61a297e47a26716b66c9111f7f52a8380cdb5b703dff059a5783f67ca2,verified-existing
artifact/results/raw/json_state/flip_tolerable/clang_o2.out,65536,abf4da61a297e47a26716b66c9111f7f52a8380cdb5b703dff059a5783f67ca2,verified-existing
artifact/results/raw/json_state/flip_tolerable/gcc_o0.out,65536,abf4da61a297e47a26716b66c9111f7f52a8380cdb5b703dff059a5783f67ca2,verified-existing
artifact/results/raw/json_state/flip_tolerable/gcc_o2.out,65536,abf4da61a297e47a26716b66c9111f7f52a8380cdb5b703dff059a5783f67ca2,verified-existing
artifact/results/raw/json_state/format/clang_o0.out,65536,abf4da61a297e47a26716b66c9111f7f52a8380cdb5b703dff059a5783f67ca2,verified-existing
artifact/results/raw/json_state/format/clang_o2.out,65536,abf4da61a297e47a26716b66c9111f7f52a8380cdb5b703dff059a5783f67ca2,verified-existing
artifact/results/raw/json_state/format/gcc_o0.out,65536,abf4da61a297e47a26716b66c9111f7f52a8380cdb5b703dff059a5783f67ca2,verified-existing
artifact/results/raw/json_state/format/gcc_o2.out,65536,abf4da61a297e47a26716b66c9111f7f52a8380cdb5b703dff059a5783f67ca2,verified-existing
artifact/results/raw/json_state/merge_tolerable/clang_o0.out,65536,abf4da61a297e47a26716b66c9111f7f52a8380cdb5b703dff059a5783f67ca2,verified-existing
artifact/results/raw/json_state/merge_tolerable/clang_o2.out,65536,abf4da61a297e47a26716b66c9111f7f52a8380cdb5b703dff059a5783f67ca2,verified-existing
artifact/results/raw/json_state/merge_tolerable/gcc_o0.out,65536,abf4da61a297e47a26716b66c9111f7f52a8380cdb5b703dff059a5783f67ca2,verified-existing
artifact/results/raw/json_state/merge_tolerable/gcc_o2.out,65536,abf4da61a297e47a26716b66c9111f7f52a8380cdb5b703dff059a5783f67ca2,verified-existing
artifact/results/raw/json_state/recovery_break/clang_o0.out,65536,abf4da61a297e47a26716b66c9111f7f52a8380cdb5b703dff059a5783f67ca2,verified-existing
artifact/results/raw/json_state/recovery_break/clang_o2.out,65536,abf4da61a297e47a26716b66c9111f7f52a8380cdb5b703dff059a5783f67ca2,verified-existing
artifact/results/raw/json_state/recovery_break/gcc_o0.out,65536,abf4da61a297e47a26716b66c9111f7f52a8380cdb5b703dff059a5783f67ca2,verified-existing
artifact/results/raw/json_state/recovery_break/gcc_o2.out,65536,abf4da61a297e47a26716b66c9111f7f52a8380cdb5b703dff059a5783f67ca2,verified-existing
artifact/results/raw/json_state/rename/clang_o0.out,65536,abf4da61a297e47a26716b66c9111f7f52a8380cdb5b703dff059a5783f67ca2,verified-existing
artifact/results/raw/json_state/rename/clang_o2.out,65536,abf4da61a297e47a26716b66c9111f7f52a8380cdb5b703dff059a5783f67ca2,verified-existing
artifact/results/raw/json_state/rename/gcc_o0.out,65536,abf4da61a297e47a26716b66c9111f7f52a8380cdb5b703dff059a5783f67ca2,verified-existing
artifact/results/raw/json_state/rename/gcc_o2.out,65536,abf4da61a297e47a26716b66c9111f7f52a8380cdb5b703dff059a5783f67ca2,verified-existing
artifact/results/raw/json_state/reorder/clang_o0.out,65536,abf4da61a297e47a26716b66c9111f7f52a8380cdb5b703dff059a5783f67ca2,verified-existing
artifact/results/raw/json_state/reorder/clang_o2.out,65536,abf4da61a297e47a26716b66c9111f7f52a8380cdb5b703dff059a5783f67ca2,verified-existing
artifact/results/raw/json_state/reorder/gcc_o0.out,65536,abf4da61a297e47a26716b66c9111f7f52a8380cdb5b703dff059a5783f67ca2,verified-existing
artifact/results/raw/json_state/reorder/gcc_o2.out,65536,abf4da61a297e47a26716b66c9111f7f52a8380cdb5b703dff059a5783f67ca2,verified-existing
artifact/results/raw/json_state/reseed/clang_o0.out,65536,abf4da61a297e47a26716b66c9111f7f52a8380cdb5b703dff059a5783f67ca2,verified-existing
artifact/results/raw/json_state/reseed/clang_o2.out,65536,abf4da61a297e47a26716b66c9111f7f52a8380cdb5b703dff059a5783f67ca2,verified-existing
artifact/results/raw/json_state/reseed/gcc_o0.out,65536,abf4da61a297e47a26716b66c9111f7f52a8380cdb5b703dff059a5783f67ca2,verified-existing
artifact/results/raw/json_state/reseed/gcc_o2.out,65536,abf4da61a297e47a26716b66c9111f7f52a8380cdb5b703dff059a5783f67ca2,verified-existing
artifact/results/raw/luhn_state/baseline/clang_o0.out,65536,341fdfe4c5a25356d09d3295f97647188ba779d283bcf8bf4da0c2d071bd5e39,verified-existing
artifact/results/raw/luhn_state/baseline/clang_o2.out,65536,341fdfe4c5a25356d09d3295f97647188ba779d283bcf8bf4da0c2d071bd5e39,verified-existing
artifact/results/raw/luhn_state/baseline/gcc_o0.out,65536,341fdfe4c5a25356d09d3295f97647188ba779d283bcf8bf4da0c2d071bd5e39,verified-existing
artifact/results/raw/luhn_state/baseline/gcc_o2.out,65536,341fdfe4c5a25356d09d3295f97647188ba779d283bcf8bf4da0c2d071bd5e39,verified-existing
artifact/results/raw/luhn_state/behavior_drift/clang_o0.out,65536,45b9177e9d913bbb805a2010f0c0f15fc57757cc54e4383ce72e386ff6a4e2d3,verified-existing
artifact/results/raw/luhn_state/behavior_drift/clang_o2.out,65536,45b9177e9d913bbb805a2010f0c0f15fc57757cc54e4383ce72e386ff6a4e2d3,verified-existing
artifact/results/raw/luhn_state/behavior_drift/gcc_o0.out,65536,45b9177e9d913bbb805a2010f0c0f15fc57757cc54e4383ce72e386ff6a4e2d3,verified-existing
artifact/results/raw/luhn_state/behavior_drift/gcc_o2.out,65536,45b9177e9d913bbb805a2010f0c0f15fc57757cc54e4383ce72e386ff6a4e2d3,verified-existing
artifact/results/raw/luhn_state/dependency_upgrade/clang_o0.out,65536,341fdfe4c5a25356d09d3295f97647188ba779d283bcf8bf4da0c2d071bd5e39,verified-existing
artifact/results/raw/luhn_state/dependency_upgrade/clang_o2.out,65536,341fdfe4c5a25356d09d3295f97647188ba779d283bcf8bf4da0c2d071bd5e39,verified-existing
artifact/results/raw/luhn_state/dependency_upgrade/gcc_o0.out,65536,341fdfe4c5a25356d09d3295f97647188ba779d283bcf8bf4da0c2d071bd5e39,verified-existing
artifact/results/raw/luhn_state/dependency_upgrade/gcc_o2.out,65536,341fdfe4c5a25356d09d3295f97647188ba779d283bcf8bf4da0c2d071bd5e39,verified-existing
artifact/results/raw/luhn_state/erase_tolerable/clang_o0.out,65536,341fdfe4c5a25356d09d3295f97647188ba779d283bcf8bf4da0c2d071bd5e39,verified-existing
artifact/results/raw/luhn_state/erase_tolerable/clang_o2.out,65536,341fdfe4c5a25356d09d3295f97647188ba779d283bcf8bf4da0c2d071bd5e39,verified-existing
artifact/results/raw/luhn_state/erase_tolerable/gcc_o0.out,65536,341fdfe4c5a25356d09d3295f97647188ba779d283bcf8bf4da0c2d071bd5e39,verified-existing
artifact/results/raw/luhn_state/erase_tolerable/gcc_o2.out,65536,341fdfe4c5a25356d09d3295f97647188ba779d283bcf8bf4da0c2d071bd5e39,verified-existing
artifact/results/raw/luhn_state/extract/clang_o0.out,65536,341fdfe4c5a25356d09d3295f97647188ba779d283bcf8bf4da0c2d071bd5e39,verified-existing
artifact/results/raw/luhn_state/extract/clang_o2.out,65536,341fdfe4c5a25356d09d3295f97647188ba779d283bcf8bf4da0c2d071bd5e39,verified-existing
artifact/results/raw/luhn_state/extract/gcc_o0.out,65536,341fdfe4c5a25356d09d3295f97647188ba779d283bcf8bf4da0c2d071bd5e39,verified-existing
artifact/results/raw/luhn_state/extract/gcc_o2.out,65536,341fdfe4c5a25356d09d3295f97647188ba779d283bcf8bf4da0c2d071bd5e39,verified-existing
artifact/results/raw/luhn_state/flip_tolerable/clang_o0.out,65536,341fdfe4c5a25356d09d3295f97647188ba779d283bcf8bf4da0c2d071bd5e39,verified-existing
artifact/results/raw/luhn_state/flip_tolerable/clang_o2.out,65536,341fdfe4c5a25356d09d3295f97647188ba779d283bcf8bf4da0c2d071bd5e39,verified-existing
artifact/results/raw/luhn_state/flip_tolerable/gcc_o0.out,65536,341fdfe4c5a25356d09d3295f97647188ba779d283bcf8bf4da0c2d071bd5e39,verified-existing
artifact/results/raw/luhn_state/flip_tolerable/gcc_o2.out,65536,341fdfe4c5a25356d09d3295f97647188ba779d283bcf8bf4da0c2d071bd5e39,verified-existing
artifact/results/raw/luhn_state/format/clang_o0.out,65536,341fdfe4c5a25356d09d3295f97647188ba779d283bcf8bf4da0c2d071bd5e39,verified-existing
artifact/results/raw/luhn_state/format/clang_o2.out,65536,341fdfe4c5a25356d09d3295f97647188ba779d283bcf8bf4da0c2d071bd5e39,verified-existing
artifact/results/raw/luhn_state/format/gcc_o0.out,65536,341fdfe4c5a25356d09d3295f97647188ba779d283bcf8bf4da0c2d071bd5e39,verified-existing
artifact/results/raw/luhn_state/format/gcc_o2.out,65536,341fdfe4c5a25356d09d3295f97647188ba779d283bcf8bf4da0c2d071bd5e39,verified-existing
artifact/results/raw/luhn_state/merge_tolerable/clang_o0.out,65536,341fdfe4c5a25356d09d3295f97647188ba779d283bcf8bf4da0c2d071bd5e39,verified-existing
artifact/results/raw/luhn_state/merge_tolerable/clang_o2.out,65536,341fdfe4c5a25356d09d3295f97647188ba779d283bcf8bf4da0c2d071bd5e39,verified-existing
artifact/results/raw/luhn_state/merge_tolerable/gcc_o0.out,65536,341fdfe4c5a25356d09d3295f97647188ba779d283bcf8bf4da0c2d071bd5e39,verified-existing
artifact/results/raw/luhn_state/merge_tolerable/gcc_o2.out,65536,341fdfe4c5a25356d09d3295f97647188ba779d283bcf8bf4da0c2d071bd5e39,verified-existing
artifact/results/raw/luhn_state/recovery_break/clang_o0.out,65536,341fdfe4c5a25356d09d3295f97647188ba779d283bcf8bf4da0c2d071bd5e39,verified-existing
artifact/results/raw/luhn_state/recovery_break/clang_o2.out,65536,341fdfe4c5a25356d09d3295f97647188ba779d283bcf8bf4da0c2d071bd5e39,verified-existing
artifact/results/raw/luhn_state/recovery_break/gcc_o0.out,65536,341fdfe4c5a25356d09d3295f97647188ba779d283bcf8bf4da0c2d071bd5e39,verified-existing
artifact/results/raw/luhn_state/recovery_break/gcc_o2.out,65536,341fdfe4c5a25356d09d3295f97647188ba779d283bcf8bf4da0c2d071bd5e39,verified-existing
artifact/results/raw/luhn_state/rename/clang_o0.out,65536,341fdfe4c5a25356d09d3295f97647188ba779d283bcf8bf4da0c2d071bd5e39,verified-existing
artifact/results/raw/luhn_state/rename/clang_o2.out,65536,341fdfe4c5a25356d09d3295f97647188ba779d283bcf8bf4da0c2d071bd5e39,verified-existing
artifact/results/raw/luhn_state/rename/gcc_o0.out,65536,341fdfe4c5a25356d09d3295f97647188ba779d283bcf8bf4da0c2d071bd5e39,verified-existing
artifact/results/raw/luhn_state/rename/gcc_o2.out,65536,341fdfe4c5a25356d09d3295f97647188ba779d283bcf8bf4da0c2d071bd5e39,verified-existing
artifact/results/raw/luhn_state/reorder/clang_o0.out,65536,341fdfe4c5a25356d09d3295f97647188ba779d283bcf8bf4da0c2d071bd5e39,verified-existing
artifact/results/raw/luhn_state/reorder/clang_o2.out,65536,341fdfe4c5a25356d09d3295f97647188ba779d283bcf8bf4da0c2d071bd5e39,verified-existing
artifact/results/raw/luhn_state/reorder/gcc_o0.out,65536,341fdfe4c5a25356d09d3295f97647188ba779d283bcf8bf4da0c2d071bd5e39,verified-existing
artifact/results/raw/luhn_state/reorder/gcc_o2.out,65536,341fdfe4c5a25356d09d3295f97647188ba779d283bcf8bf4da0c2d071bd5e39,verified-existing
artifact/results/raw/luhn_state/reseed/clang_o0.out,65536,341fdfe4c5a25356d09d3295f97647188ba779d283bcf8bf4da0c2d071bd5e39,verified-existing
artifact/results/raw/luhn_state/reseed/clang_o2.out,65536,341fdfe4c5a25356d09d3295f97647188ba779d283bcf8bf4da0c2d071bd5e39,verified-existing
artifact/results/raw/luhn_state/reseed/gcc_o0.out,65536,341fdfe4c5a25356d09d3295f97647188ba779d283bcf8bf4da0c2d071bd5e39,verified-existing
artifact/results/raw/luhn_state/reseed/gcc_o2.out,65536,341fdfe4c5a25356d09d3295f97647188ba779d283bcf8bf4da0c2d071bd5e39,verified-existing
artifact/results/raw/rotate_mix/baseline/clang_o0.out,65536,2a4cb58a1a9a7ca91d75cd71d4eb556af4f133956aeb23c6f10aa8711c556ca0,verified-existing
artifact/results/raw/rotate_mix/baseline/clang_o2.out,65536,2a4cb58a1a9a7ca91d75cd71d4eb556af4f133956aeb23c6f10aa8711c556ca0,verified-existing
artifact/results/raw/rotate_mix/baseline/gcc_o0.out,65536,2a4cb58a1a9a7ca91d75cd71d4eb556af4f133956aeb23c6f10aa8711c556ca0,verified-existing
artifact/results/raw/rotate_mix/baseline/gcc_o2.out,65536,2a4cb58a1a9a7ca91d75cd71d4eb556af4f133956aeb23c6f10aa8711c556ca0,verified-existing
artifact/results/raw/rotate_mix/behavior_drift/clang_o0.out,65536,935f3d029db1cd96552f2552bb7540d4c3813e67b8c4fb0e2edc971baeb94844,verified-existing
artifact/results/raw/rotate_mix/behavior_drift/clang_o2.out,65536,935f3d029db1cd96552f2552bb7540d4c3813e67b8c4fb0e2edc971baeb94844,verified-existing
artifact/results/raw/rotate_mix/behavior_drift/gcc_o0.out,65536,935f3d029db1cd96552f2552bb7540d4c3813e67b8c4fb0e2edc971baeb94844,verified-existing
artifact/results/raw/rotate_mix/behavior_drift/gcc_o2.out,65536,935f3d029db1cd96552f2552bb7540d4c3813e67b8c4fb0e2edc971baeb94844,verified-existing
artifact/results/raw/rotate_mix/dependency_upgrade/clang_o0.out,65536,2a4cb58a1a9a7ca91d75cd71d4eb556af4f133956aeb23c6f10aa8711c556ca0,verified-existing
artifact/results/raw/rotate_mix/dependency_upgrade/clang_o2.out,65536,2a4cb58a1a9a7ca91d75cd71d4eb556af4f133956aeb23c6f10aa8711c556ca0,verified-existing
artifact/results/raw/rotate_mix/dependency_upgrade/gcc_o0.out,65536,2a4cb58a1a9a7ca91d75cd71d4eb556af4f133956aeb23c6f10aa8711c556ca0,verified-existing
artifact/results/raw/rotate_mix/dependency_upgrade/gcc_o2.out,65536,2a4cb58a1a9a7ca91d75cd71d4eb556af4f133956aeb23c6f10aa8711c556ca0,verified-existing
artifact/results/raw/rotate_mix/erase_tolerable/clang_o0.out,65536,2a4cb58a1a9a7ca91d75cd71d4eb556af4f133956aeb23c6f10aa8711c556ca0,verified-existing
artifact/results/raw/rotate_mix/erase_tolerable/clang_o2.out,65536,2a4cb58a1a9a7ca91d75cd71d4eb556af4f133956aeb23c6f10aa8711c556ca0,verified-existing
artifact/results/raw/rotate_mix/erase_tolerable/gcc_o0.out,65536,2a4cb58a1a9a7ca91d75cd71d4eb556af4f133956aeb23c6f10aa8711c556ca0,verified-existing
artifact/results/raw/rotate_mix/erase_tolerable/gcc_o2.out,65536,2a4cb58a1a9a7ca91d75cd71d4eb556af4f133956aeb23c6f10aa8711c556ca0,verified-existing
artifact/results/raw/rotate_mix/extract/clang_o0.out,65536,2a4cb58a1a9a7ca91d75cd71d4eb556af4f133956aeb23c6f10aa8711c556ca0,verified-existing
artifact/results/raw/rotate_mix/extract/clang_o2.out,65536,2a4cb58a1a9a7ca91d75cd71d4eb556af4f133956aeb23c6f10aa8711c556ca0,verified-existing
artifact/results/raw/rotate_mix/extract/gcc_o0.out,65536,2a4cb58a1a9a7ca91d75cd71d4eb556af4f133956aeb23c6f10aa8711c556ca0,verified-existing
artifact/results/raw/rotate_mix/extract/gcc_o2.out,65536,2a4cb58a1a9a7ca91d75cd71d4eb556af4f133956aeb23c6f10aa8711c556ca0,verified-existing
artifact/results/raw/rotate_mix/flip_tolerable/clang_o0.out,65536,2a4cb58a1a9a7ca91d75cd71d4eb556af4f133956aeb23c6f10aa8711c556ca0,verified-existing
artifact/results/raw/rotate_mix/flip_tolerable/clang_o2.out,65536,2a4cb58a1a9a7ca91d75cd71d4eb556af4f133956aeb23c6f10aa8711c556ca0,verified-existing
artifact/results/raw/rotate_mix/flip_tolerable/gcc_o0.out,65536,2a4cb58a1a9a7ca91d75cd71d4eb556af4f133956aeb23c6f10aa8711c556ca0,verified-existing
artifact/results/raw/rotate_mix/flip_tolerable/gcc_o2.out,65536,2a4cb58a1a9a7ca91d75cd71d4eb556af4f133956aeb23c6f10aa8711c556ca0,verified-existing
artifact/results/raw/rotate_mix/format/clang_o0.out,65536,2a4cb58a1a9a7ca91d75cd71d4eb556af4f133956aeb23c6f10aa8711c556ca0,verified-existing
artifact/results/raw/rotate_mix/format/clang_o2.out,65536,2a4cb58a1a9a7ca91d75cd71d4eb556af4f133956aeb23c6f10aa8711c556ca0,verified-existing
artifact/results/raw/rotate_mix/format/gcc_o0.out,65536,2a4cb58a1a9a7ca91d75cd71d4eb556af4f133956aeb23c6f10aa8711c556ca0,verified-existing
artifact/results/raw/rotate_mix/format/gcc_o2.out,65536,2a4cb58a1a9a7ca91d75cd71d4eb556af4f133956aeb23c6f10aa8711c556ca0,verified-existing
artifact/results/raw/rotate_mix/merge_tolerable/clang_o0.out,65536,2a4cb58a1a9a7ca91d75cd71d4eb556af4f133956aeb23c6f10aa8711c556ca0,verified-existing
artifact/results/raw/rotate_mix/merge_tolerable/clang_o2.out,65536,2a4cb58a1a9a7ca91d75cd71d4eb556af4f133956aeb23c6f10aa8711c556ca0,verified-existing
artifact/results/raw/rotate_mix/merge_tolerable/gcc_o0.out,65536,2a4cb58a1a9a7ca91d75cd71d4eb556af4f133956aeb23c6f10aa8711c556ca0,verified-existing
artifact/results/raw/rotate_mix/merge_tolerable/gcc_o2.out,65536,2a4cb58a1a9a7ca91d75cd71d4eb556af4f133956aeb23c6f10aa8711c556ca0,verified-existing
artifact/results/raw/rotate_mix/recovery_break/clang_o0.out,65536,2a4cb58a1a9a7ca91d75cd71d4eb556af4f133956aeb23c6f10aa8711c556ca0,verified-existing
artifact/results/raw/rotate_mix/recovery_break/clang_o2.out,65536,2a4cb58a1a9a7ca91d75cd71d4eb556af4f133956aeb23c6f10aa8711c556ca0,verified-existing
artifact/results/raw/rotate_mix/recovery_break/gcc_o0.out,65536,2a4cb58a1a9a7ca91d75cd71d4eb556af4f133956aeb23c6f10aa8711c556ca0,verified-existing
artifact/results/raw/rotate_mix/recovery_break/gcc_o2.out,65536,2a4cb58a1a9a7ca91d75cd71d4eb556af4f133956aeb23c6f10aa8711c556ca0,verified-existing
artifact/results/raw/rotate_mix/rename/clang_o0.out,65536,2a4cb58a1a9a7ca91d75cd71d4eb556af4f133956aeb23c6f10aa8711c556ca0,verified-existing
artifact/results/raw/rotate_mix/rename/clang_o2.out,65536,2a4cb58a1a9a7ca91d75cd71d4eb556af4f133956aeb23c6f10aa8711c556ca0,verified-existing
artifact/results/raw/rotate_mix/rename/gcc_o0.out,65536,2a4cb58a1a9a7ca91d75cd71d4eb556af4f133956aeb23c6f10aa8711c556ca0,verified-existing
artifact/results/raw/rotate_mix/rename/gcc_o2.out,65536,2a4cb58a1a9a7ca91d75cd71d4eb556af4f133956aeb23c6f10aa8711c556ca0,verified-existing
artifact/results/raw/rotate_mix/reorder/clang_o0.out,65536,2a4cb58a1a9a7ca91d75cd71d4eb556af4f133956aeb23c6f10aa8711c556ca0,verified-existing
artifact/results/raw/rotate_mix/reorder/clang_o2.out,65536,2a4cb58a1a9a7ca91d75cd71d4eb556af4f133956aeb23c6f10aa8711c556ca0,verified-existing
artifact/results/raw/rotate_mix/reorder/gcc_o0.out,65536,2a4cb58a1a9a7ca91d75cd71d4eb556af4f133956aeb23c6f10aa8711c556ca0,verified-existing
artifact/results/raw/rotate_mix/reorder/gcc_o2.out,65536,2a4cb58a1a9a7ca91d75cd71d4eb556af4f133956aeb23c6f10aa8711c556ca0,verified-existing
artifact/results/raw/rotate_mix/reseed/clang_o0.out,65536,2a4cb58a1a9a7ca91d75cd71d4eb556af4f133956aeb23c6f10aa8711c556ca0,verified-existing
artifact/results/raw/rotate_mix/reseed/clang_o2.out,65536,2a4cb58a1a9a7ca91d75cd71d4eb556af4f133956aeb23c6f10aa8711c556ca0,verified-existing
artifact/results/raw/rotate_mix/reseed/gcc_o0.out,65536,2a4cb58a1a9a7ca91d75cd71d4eb556af4f133956aeb23c6f10aa8711c556ca0,verified-existing
artifact/results/raw/rotate_mix/reseed/gcc_o2.out,65536,2a4cb58a1a9a7ca91d75cd71d4eb556af4f133956aeb23c6f10aa8711c556ca0,verified-existing
artifact/results/raw/saturating_add/baseline/clang_o0.out,65536,b5911f5013e6f1a21e80fe604d42c8e6ea0b522df50b9dd00f6fb54c5cdd262d,verified-existing
artifact/results/raw/saturating_add/baseline/clang_o2.out,65536,b5911f5013e6f1a21e80fe604d42c8e6ea0b522df50b9dd00f6fb54c5cdd262d,verified-existing
artifact/results/raw/saturating_add/baseline/gcc_o0.out,65536,b5911f5013e6f1a21e80fe604d42c8e6ea0b522df50b9dd00f6fb54c5cdd262d,verified-existing
artifact/results/raw/saturating_add/baseline/gcc_o2.out,65536,b5911f5013e6f1a21e80fe604d42c8e6ea0b522df50b9dd00f6fb54c5cdd262d,verified-existing
artifact/results/raw/saturating_add/behavior_drift/clang_o0.out,65536,8ddd94b8cb01fdb2c2319476cb596652f9c7c3bf86e769d5331cf5f6e1e2b6db,verified-existing
artifact/results/raw/saturating_add/behavior_drift/clang_o2.out,65536,8ddd94b8cb01fdb2c2319476cb596652f9c7c3bf86e769d5331cf5f6e1e2b6db,verified-existing
artifact/results/raw/saturating_add/behavior_drift/gcc_o0.out,65536,8ddd94b8cb01fdb2c2319476cb596652f9c7c3bf86e769d5331cf5f6e1e2b6db,verified-existing
artifact/results/raw/saturating_add/behavior_drift/gcc_o2.out,65536,8ddd94b8cb01fdb2c2319476cb596652f9c7c3bf86e769d5331cf5f6e1e2b6db,verified-existing
artifact/results/raw/saturating_add/dependency_upgrade/clang_o0.out,65536,b5911f5013e6f1a21e80fe604d42c8e6ea0b522df50b9dd00f6fb54c5cdd262d,verified-existing
artifact/results/raw/saturating_add/dependency_upgrade/clang_o2.out,65536,b5911f5013e6f1a21e80fe604d42c8e6ea0b522df50b9dd00f6fb54c5cdd262d,verified-existing
artifact/results/raw/saturating_add/dependency_upgrade/gcc_o0.out,65536,b5911f5013e6f1a21e80fe604d42c8e6ea0b522df50b9dd00f6fb54c5cdd262d,verified-existing
artifact/results/raw/saturating_add/dependency_upgrade/gcc_o2.out,65536,b5911f5013e6f1a21e80fe604d42c8e6ea0b522df50b9dd00f6fb54c5cdd262d,verified-existing
artifact/results/raw/saturating_add/erase_tolerable/clang_o0.out,65536,b5911f5013e6f1a21e80fe604d42c8e6ea0b522df50b9dd00f6fb54c5cdd262d,verified-existing
artifact/results/raw/saturating_add/erase_tolerable/clang_o2.out,65536,b5911f5013e6f1a21e80fe604d42c8e6ea0b522df50b9dd00f6fb54c5cdd262d,verified-existing
artifact/results/raw/saturating_add/erase_tolerable/gcc_o0.out,65536,b5911f5013e6f1a21e80fe604d42c8e6ea0b522df50b9dd00f6fb54c5cdd262d,verified-existing
artifact/results/raw/saturating_add/erase_tolerable/gcc_o2.out,65536,b5911f5013e6f1a21e80fe604d42c8e6ea0b522df50b9dd00f6fb54c5cdd262d,verified-existing
artifact/results/raw/saturating_add/extract/clang_o0.out,65536,b5911f5013e6f1a21e80fe604d42c8e6ea0b522df50b9dd00f6fb54c5cdd262d,verified-existing
artifact/results/raw/saturating_add/extract/clang_o2.out,65536,b5911f5013e6f1a21e80fe604d42c8e6ea0b522df50b9dd00f6fb54c5cdd262d,verified-existing
artifact/results/raw/saturating_add/extract/gcc_o0.out,65536,b5911f5013e6f1a21e80fe604d42c8e6ea0b522df50b9dd00f6fb54c5cdd262d,verified-existing
artifact/results/raw/saturating_add/extract/gcc_o2.out,65536,b5911f5013e6f1a21e80fe604d42c8e6ea0b522df50b9dd00f6fb54c5cdd262d,verified-existing
artifact/results/raw/saturating_add/flip_tolerable/clang_o0.out,65536,b5911f5013e6f1a21e80fe604d42c8e6ea0b522df50b9dd00f6fb54c5cdd262d,verified-existing
artifact/results/raw/saturating_add/flip_tolerable/clang_o2.out,65536,b5911f5013e6f1a21e80fe604d42c8e6ea0b522df50b9dd00f6fb54c5cdd262d,verified-existing
artifact/results/raw/saturating_add/flip_tolerable/gcc_o0.out,65536,b5911f5013e6f1a21e80fe604d42c8e6ea0b522df50b9dd00f6fb54c5cdd262d,verified-existing
artifact/results/raw/saturating_add/flip_tolerable/gcc_o2.out,65536,b5911f5013e6f1a21e80fe604d42c8e6ea0b522df50b9dd00f6fb54c5cdd262d,verified-existing
artifact/results/raw/saturating_add/format/clang_o0.out,65536,b5911f5013e6f1a21e80fe604d42c8e6ea0b522df50b9dd00f6fb54c5cdd262d,verified-existing
artifact/results/raw/saturating_add/format/clang_o2.out,65536,b5911f5013e6f1a21e80fe604d42c8e6ea0b522df50b9dd00f6fb54c5cdd262d,verified-existing
artifact/results/raw/saturating_add/format/gcc_o0.out,65536,b5911f5013e6f1a21e80fe604d42c8e6ea0b522df50b9dd00f6fb54c5cdd262d,verified-existing
artifact/results/raw/saturating_add/format/gcc_o2.out,65536,b5911f5013e6f1a21e80fe604d42c8e6ea0b522df50b9dd00f6fb54c5cdd262d,verified-existing
artifact/results/raw/saturating_add/merge_tolerable/clang_o0.out,65536,b5911f5013e6f1a21e80fe604d42c8e6ea0b522df50b9dd00f6fb54c5cdd262d,verified-existing
artifact/results/raw/saturating_add/merge_tolerable/clang_o2.out,65536,b5911f5013e6f1a21e80fe604d42c8e6ea0b522df50b9dd00f6fb54c5cdd262d,verified-existing
artifact/results/raw/saturating_add/merge_tolerable/gcc_o0.out,65536,b5911f5013e6f1a21e80fe604d42c8e6ea0b522df50b9dd00f6fb54c5cdd262d,verified-existing
artifact/results/raw/saturating_add/merge_tolerable/gcc_o2.out,65536,b5911f5013e6f1a21e80fe604d42c8e6ea0b522df50b9dd00f6fb54c5cdd262d,verified-existing
artifact/results/raw/saturating_add/recovery_break/clang_o0.out,65536,b5911f5013e6f1a21e80fe604d42c8e6ea0b522df50b9dd00f6fb54c5cdd262d,verified-existing
artifact/results/raw/saturating_add/recovery_break/clang_o2.out,65536,b5911f5013e6f1a21e80fe604d42c8e6ea0b522df50b9dd00f6fb54c5cdd262d,verified-existing
artifact/results/raw/saturating_add/recovery_break/gcc_o0.out,65536,b5911f5013e6f1a21e80fe604d42c8e6ea0b522df50b9dd00f6fb54c5cdd262d,verified-existing
artifact/results/raw/saturating_add/recovery_break/gcc_o2.out,65536,b5911f5013e6f1a21e80fe604d42c8e6ea0b522df50b9dd00f6fb54c5cdd262d,verified-existing
artifact/results/raw/saturating_add/rename/clang_o0.out,65536,b5911f5013e6f1a21e80fe604d42c8e6ea0b522df50b9dd00f6fb54c5cdd262d,verified-existing
artifact/results/raw/saturating_add/rename/clang_o2.out,65536,b5911f5013e6f1a21e80fe604d42c8e6ea0b522df50b9dd00f6fb54c5cdd262d,verified-existing
artifact/results/raw/saturating_add/rename/gcc_o0.out,65536,b5911f5013e6f1a21e80fe604d42c8e6ea0b522df50b9dd00f6fb54c5cdd262d,verified-existing
artifact/results/raw/saturating_add/rename/gcc_o2.out,65536,b5911f5013e6f1a21e80fe604d42c8e6ea0b522df50b9dd00f6fb54c5cdd262d,verified-existing
artifact/results/raw/saturating_add/reorder/clang_o0.out,65536,b5911f5013e6f1a21e80fe604d42c8e6ea0b522df50b9dd00f6fb54c5cdd262d,verified-existing
artifact/results/raw/saturating_add/reorder/clang_o2.out,65536,b5911f5013e6f1a21e80fe604d42c8e6ea0b522df50b9dd00f6fb54c5cdd262d,verified-existing
artifact/results/raw/saturating_add/reorder/gcc_o0.out,65536,b5911f5013e6f1a21e80fe604d42c8e6ea0b522df50b9dd00f6fb54c5cdd262d,verified-existing
artifact/results/raw/saturating_add/reorder/gcc_o2.out,65536,b5911f5013e6f1a21e80fe604d42c8e6ea0b522df50b9dd00f6fb54c5cdd262d,verified-existing
artifact/results/raw/saturating_add/reseed/clang_o0.out,65536,b5911f5013e6f1a21e80fe604d42c8e6ea0b522df50b9dd00f6fb54c5cdd262d,verified-existing
artifact/results/raw/saturating_add/reseed/clang_o2.out,65536,b5911f5013e6f1a21e80fe604d42c8e6ea0b522df50b9dd00f6fb54c5cdd262d,verified-existing
artifact/results/raw/saturating_add/reseed/gcc_o0.out,65536,b5911f5013e6f1a21e80fe604d42c8e6ea0b522df50b9dd00f6fb54c5cdd262d,verified-existing
artifact/results/raw/saturating_add/reseed/gcc_o2.out,65536,b5911f5013e6f1a21e80fe604d42c8e6ea0b522df50b9dd00f6fb54c5cdd262d,verified-existing
artifact/results/raw/utf8_state/baseline/clang_o0.out,65536,eaaf55079d4568449435566ed7a1af0b6631f3598c60b49ec0d1ddc0287912a3,verified-existing
artifact/results/raw/utf8_state/baseline/clang_o2.out,65536,eaaf55079d4568449435566ed7a1af0b6631f3598c60b49ec0d1ddc0287912a3,verified-existing
artifact/results/raw/utf8_state/baseline/gcc_o0.out,65536,eaaf55079d4568449435566ed7a1af0b6631f3598c60b49ec0d1ddc0287912a3,verified-existing
artifact/results/raw/utf8_state/baseline/gcc_o2.out,65536,eaaf55079d4568449435566ed7a1af0b6631f3598c60b49ec0d1ddc0287912a3,verified-existing
artifact/results/raw/utf8_state/behavior_drift/clang_o0.out,65536,b3ea38f1cc95f5bc28a48744a1fd08532a36a5247ce96545be029fbf01f18bdb,verified-existing
artifact/results/raw/utf8_state/behavior_drift/clang_o2.out,65536,b3ea38f1cc95f5bc28a48744a1fd08532a36a5247ce96545be029fbf01f18bdb,verified-existing
artifact/results/raw/utf8_state/behavior_drift/gcc_o0.out,65536,b3ea38f1cc95f5bc28a48744a1fd08532a36a5247ce96545be029fbf01f18bdb,verified-existing
artifact/results/raw/utf8_state/behavior_drift/gcc_o2.out,65536,b3ea38f1cc95f5bc28a48744a1fd08532a36a5247ce96545be029fbf01f18bdb,verified-existing
artifact/results/raw/utf8_state/dependency_upgrade/clang_o0.out,65536,eaaf55079d4568449435566ed7a1af0b6631f3598c60b49ec0d1ddc0287912a3,verified-existing
artifact/results/raw/utf8_state/dependency_upgrade/clang_o2.out,65536,eaaf55079d4568449435566ed7a1af0b6631f3598c60b49ec0d1ddc0287912a3,verified-existing
artifact/results/raw/utf8_state/dependency_upgrade/gcc_o0.out,65536,eaaf55079d4568449435566ed7a1af0b6631f3598c60b49ec0d1ddc0287912a3,verified-existing
artifact/results/raw/utf8_state/dependency_upgrade/gcc_o2.out,65536,eaaf55079d4568449435566ed7a1af0b6631f3598c60b49ec0d1ddc0287912a3,verified-existing
artifact/results/raw/utf8_state/erase_tolerable/clang_o0.out,65536,eaaf55079d4568449435566ed7a1af0b6631f3598c60b49ec0d1ddc0287912a3,verified-existing
artifact/results/raw/utf8_state/erase_tolerable/clang_o2.out,65536,eaaf55079d4568449435566ed7a1af0b6631f3598c60b49ec0d1ddc0287912a3,verified-existing
artifact/results/raw/utf8_state/erase_tolerable/gcc_o0.out,65536,eaaf55079d4568449435566ed7a1af0b6631f3598c60b49ec0d1ddc0287912a3,verified-existing
artifact/results/raw/utf8_state/erase_tolerable/gcc_o2.out,65536,eaaf55079d4568449435566ed7a1af0b6631f3598c60b49ec0d1ddc0287912a3,verified-existing
artifact/results/raw/utf8_state/extract/clang_o0.out,65536,eaaf55079d4568449435566ed7a1af0b6631f3598c60b49ec0d1ddc0287912a3,verified-existing
artifact/results/raw/utf8_state/extract/clang_o2.out,65536,eaaf55079d4568449435566ed7a1af0b6631f3598c60b49ec0d1ddc0287912a3,verified-existing
artifact/results/raw/utf8_state/extract/gcc_o0.out,65536,eaaf55079d4568449435566ed7a1af0b6631f3598c60b49ec0d1ddc0287912a3,verified-existing
artifact/results/raw/utf8_state/extract/gcc_o2.out,65536,eaaf55079d4568449435566ed7a1af0b6631f3598c60b49ec0d1ddc0287912a3,verified-existing
artifact/results/raw/utf8_state/flip_tolerable/clang_o0.out,65536,eaaf55079d4568449435566ed7a1af0b6631f3598c60b49ec0d1ddc0287912a3,verified-existing
artifact/results/raw/utf8_state/flip_tolerable/clang_o2.out,65536,eaaf55079d4568449435566ed7a1af0b6631f3598c60b49ec0d1ddc0287912a3,verified-existing
artifact/results/raw/utf8_state/flip_tolerable/gcc_o0.out,65536,eaaf55079d4568449435566ed7a1af0b6631f3598c60b49ec0d1ddc0287912a3,verified-existing
artifact/results/raw/utf8_state/flip_tolerable/gcc_o2.out,65536,eaaf55079d4568449435566ed7a1af0b6631f3598c60b49ec0d1ddc0287912a3,verified-existing
artifact/results/raw/utf8_state/format/clang_o0.out,65536,eaaf55079d4568449435566ed7a1af0b6631f3598c60b49ec0d1ddc0287912a3,verified-existing
artifact/results/raw/utf8_state/format/clang_o2.out,65536,eaaf55079d4568449435566ed7a1af0b6631f3598c60b49ec0d1ddc0287912a3,verified-existing
artifact/results/raw/utf8_state/format/gcc_o0.out,65536,eaaf55079d4568449435566ed7a1af0b6631f3598c60b49ec0d1ddc0287912a3,verified-existing
artifact/results/raw/utf8_state/format/gcc_o2.out,65536,eaaf55079d4568449435566ed7a1af0b6631f3598c60b49ec0d1ddc0287912a3,verified-existing
artifact/results/raw/utf8_state/merge_tolerable/clang_o0.out,65536,eaaf55079d4568449435566ed7a1af0b6631f3598c60b49ec0d1ddc0287912a3,verified-existing
artifact/results/raw/utf8_state/merge_tolerable/clang_o2.out,65536,eaaf55079d4568449435566ed7a1af0b6631f3598c60b49ec0d1ddc0287912a3,verified-existing
artifact/results/raw/utf8_state/merge_tolerable/gcc_o0.out,65536,eaaf55079d4568449435566ed7a1af0b6631f3598c60b49ec0d1ddc0287912a3,verified-existing
artifact/results/raw/utf8_state/merge_tolerable/gcc_o2.out,65536,eaaf55079d4568449435566ed7a1af0b6631f3598c60b49ec0d1ddc0287912a3,verified-existing
artifact/results/raw/utf8_state/recovery_break/clang_o0.out,65536,eaaf55079d4568449435566ed7a1af0b6631f3598c60b49ec0d1ddc0287912a3,verified-existing
artifact/results/raw/utf8_state/recovery_break/clang_o2.out,65536,eaaf55079d4568449435566ed7a1af0b6631f3598c60b49ec0d1ddc0287912a3,verified-existing
artifact/results/raw/utf8_state/recovery_break/gcc_o0.out,65536,eaaf55079d4568449435566ed7a1af0b6631f3598c60b49ec0d1ddc0287912a3,verified-existing
artifact/results/raw/utf8_state/recovery_break/gcc_o2.out,65536,eaaf55079d4568449435566ed7a1af0b6631f3598c60b49ec0d1ddc0287912a3,verified-existing
artifact/results/raw/utf8_state/rename/clang_o0.out,65536,eaaf55079d4568449435566ed7a1af0b6631f3598c60b49ec0d1ddc0287912a3,verified-existing
artifact/results/raw/utf8_state/rename/clang_o2.out,65536,eaaf55079d4568449435566ed7a1af0b6631f3598c60b49ec0d1ddc0287912a3,verified-existing
artifact/results/raw/utf8_state/rename/gcc_o0.out,65536,eaaf55079d4568449435566ed7a1af0b6631f3598c60b49ec0d1ddc0287912a3,verified-existing
artifact/results/raw/utf8_state/rename/gcc_o2.out,65536,eaaf55079d4568449435566ed7a1af0b6631f3598c60b49ec0d1ddc0287912a3,verified-existing
artifact/results/raw/utf8_state/reorder/clang_o0.out,65536,eaaf55079d4568449435566ed7a1af0b6631f3598c60b49ec0d1ddc0287912a3,verified-existing
artifact/results/raw/utf8_state/reorder/clang_o2.out,65536,eaaf55079d4568449435566ed7a1af0b6631f3598c60b49ec0d1ddc0287912a3,verified-existing
artifact/results/raw/utf8_state/reorder/gcc_o0.out,65536,eaaf55079d4568449435566ed7a1af0b6631f3598c60b49ec0d1ddc0287912a3,verified-existing
artifact/results/raw/utf8_state/reorder/gcc_o2.out,65536,eaaf55079d4568449435566ed7a1af0b6631f3598c60b49ec0d1ddc0287912a3,verified-existing
artifact/results/raw/utf8_state/reseed/clang_o0.out,65536,eaaf55079d4568449435566ed7a1af0b6631f3598c60b49ec0d1ddc0287912a3,verified-existing
artifact/results/raw/utf8_state/reseed/clang_o2.out,65536,eaaf55079d4568449435566ed7a1af0b6631f3598c60b49ec0d1ddc0287912a3,verified-existing
artifact/results/raw/utf8_state/reseed/gcc_o0.out,65536,eaaf55079d4568449435566ed7a1af0b6631f3598c60b49ec0d1ddc0287912a3,verified-existing
artifact/results/raw/utf8_state/reseed/gcc_o2.out,65536,eaaf55079d4568449435566ed7a1af0b6631f3598c60b49ec0d1ddc0287912a3,verified-existing
artifact/results/raw/varint_state/baseline/clang_o0.out,65536,d7be560359f1ef9fece372bf945f5cfcfb492aa1ffa158ca18b89f62410a7760,verified-existing
artifact/results/raw/varint_state/baseline/clang_o2.out,65536,d7be560359f1ef9fece372bf945f5cfcfb492aa1ffa158ca18b89f62410a7760,verified-existing
artifact/results/raw/varint_state/baseline/gcc_o0.out,65536,d7be560359f1ef9fece372bf945f5cfcfb492aa1ffa158ca18b89f62410a7760,verified-existing
artifact/results/raw/varint_state/baseline/gcc_o2.out,65536,d7be560359f1ef9fece372bf945f5cfcfb492aa1ffa158ca18b89f62410a7760,verified-existing
artifact/results/raw/varint_state/behavior_drift/clang_o0.out,65536,2515d03e46fcc4635223136d7a66b4365486acd2a53f8669892358696e8d49bd,verified-existing
artifact/results/raw/varint_state/behavior_drift/clang_o2.out,65536,2515d03e46fcc4635223136d7a66b4365486acd2a53f8669892358696e8d49bd,verified-existing
artifact/results/raw/varint_state/behavior_drift/gcc_o0.out,65536,2515d03e46fcc4635223136d7a66b4365486acd2a53f8669892358696e8d49bd,verified-existing
artifact/results/raw/varint_state/behavior_drift/gcc_o2.out,65536,2515d03e46fcc4635223136d7a66b4365486acd2a53f8669892358696e8d49bd,verified-existing
artifact/results/raw/varint_state/dependency_upgrade/clang_o0.out,65536,d7be560359f1ef9fece372bf945f5cfcfb492aa1ffa158ca18b89f62410a7760,verified-existing
artifact/results/raw/varint_state/dependency_upgrade/clang_o2.out,65536,d7be560359f1ef9fece372bf945f5cfcfb492aa1ffa158ca18b89f62410a7760,verified-existing
artifact/results/raw/varint_state/dependency_upgrade/gcc_o0.out,65536,d7be560359f1ef9fece372bf945f5cfcfb492aa1ffa158ca18b89f62410a7760,verified-existing
artifact/results/raw/varint_state/dependency_upgrade/gcc_o2.out,65536,d7be560359f1ef9fece372bf945f5cfcfb492aa1ffa158ca18b89f62410a7760,verified-existing
artifact/results/raw/varint_state/erase_tolerable/clang_o0.out,65536,d7be560359f1ef9fece372bf945f5cfcfb492aa1ffa158ca18b89f62410a7760,verified-existing
artifact/results/raw/varint_state/erase_tolerable/clang_o2.out,65536,d7be560359f1ef9fece372bf945f5cfcfb492aa1ffa158ca18b89f62410a7760,verified-existing
artifact/results/raw/varint_state/erase_tolerable/gcc_o0.out,65536,d7be560359f1ef9fece372bf945f5cfcfb492aa1ffa158ca18b89f62410a7760,verified-existing
artifact/results/raw/varint_state/erase_tolerable/gcc_o2.out,65536,d7be560359f1ef9fece372bf945f5cfcfb492aa1ffa158ca18b89f62410a7760,verified-existing
artifact/results/raw/varint_state/extract/clang_o0.out,65536,d7be560359f1ef9fece372bf945f5cfcfb492aa1ffa158ca18b89f62410a7760,verified-existing
artifact/results/raw/varint_state/extract/clang_o2.out,65536,d7be560359f1ef9fece372bf945f5cfcfb492aa1ffa158ca18b89f62410a7760,verified-existing
artifact/results/raw/varint_state/extract/gcc_o0.out,65536,d7be560359f1ef9fece372bf945f5cfcfb492aa1ffa158ca18b89f62410a7760,verified-existing
artifact/results/raw/varint_state/extract/gcc_o2.out,65536,d7be560359f1ef9fece372bf945f5cfcfb492aa1ffa158ca18b89f62410a7760,verified-existing
artifact/results/raw/varint_state/flip_tolerable/clang_o0.out,65536,d7be560359f1ef9fece372bf945f5cfcfb492aa1ffa158ca18b89f62410a7760,verified-existing
artifact/results/raw/varint_state/flip_tolerable/clang_o2.out,65536,d7be560359f1ef9fece372bf945f5cfcfb492aa1ffa158ca18b89f62410a7760,verified-existing
artifact/results/raw/varint_state/flip_tolerable/gcc_o0.out,65536,d7be560359f1ef9fece372bf945f5cfcfb492aa1ffa158ca18b89f62410a7760,verified-existing
artifact/results/raw/varint_state/flip_tolerable/gcc_o2.out,65536,d7be560359f1ef9fece372bf945f5cfcfb492aa1ffa158ca18b89f62410a7760,verified-existing
artifact/results/raw/varint_state/format/clang_o0.out,65536,d7be560359f1ef9fece372bf945f5cfcfb492aa1ffa158ca18b89f62410a7760,verified-existing
artifact/results/raw/varint_state/format/clang_o2.out,65536,d7be560359f1ef9fece372bf945f5cfcfb492aa1ffa158ca18b89f62410a7760,verified-existing
artifact/results/raw/varint_state/format/gcc_o0.out,65536,d7be560359f1ef9fece372bf945f5cfcfb492aa1ffa158ca18b89f62410a7760,verified-existing
artifact/results/raw/varint_state/format/gcc_o2.out,65536,d7be560359f1ef9fece372bf945f5cfcfb492aa1ffa158ca18b89f62410a7760,verified-existing
artifact/results/raw/varint_state/merge_tolerable/clang_o0.out,65536,d7be560359f1ef9fece372bf945f5cfcfb492aa1ffa158ca18b89f62410a7760,verified-existing
artifact/results/raw/varint_state/merge_tolerable/clang_o2.out,65536,d7be560359f1ef9fece372bf945f5cfcfb492aa1ffa158ca18b89f62410a7760,verified-existing
artifact/results/raw/varint_state/merge_tolerable/gcc_o0.out,65536,d7be560359f1ef9fece372bf945f5cfcfb492aa1ffa158ca18b89f62410a7760,verified-existing
artifact/results/raw/varint_state/merge_tolerable/gcc_o2.out,65536,d7be560359f1ef9fece372bf945f5cfcfb492aa1ffa158ca18b89f62410a7760,verified-existing
artifact/results/raw/varint_state/recovery_break/clang_o0.out,65536,d7be560359f1ef9fece372bf945f5cfcfb492aa1ffa158ca18b89f62410a7760,verified-existing
artifact/results/raw/varint_state/recovery_break/clang_o2.out,65536,d7be560359f1ef9fece372bf945f5cfcfb492aa1ffa158ca18b89f62410a7760,verified-existing
artifact/results/raw/varint_state/recovery_break/gcc_o0.out,65536,d7be560359f1ef9fece372bf945f5cfcfb492aa1ffa158ca18b89f62410a7760,verified-existing
artifact/results/raw/varint_state/recovery_break/gcc_o2.out,65536,d7be560359f1ef9fece372bf945f5cfcfb492aa1ffa158ca18b89f62410a7760,verified-existing
artifact/results/raw/varint_state/rename/clang_o0.out,65536,d7be560359f1ef9fece372bf945f5cfcfb492aa1ffa158ca18b89f62410a7760,verified-existing
artifact/results/raw/varint_state/rename/clang_o2.out,65536,d7be560359f1ef9fece372bf945f5cfcfb492aa1ffa158ca18b89f62410a7760,verified-existing
artifact/results/raw/varint_state/rename/gcc_o0.out,65536,d7be560359f1ef9fece372bf945f5cfcfb492aa1ffa158ca18b89f62410a7760,verified-existing
artifact/results/raw/varint_state/rename/gcc_o2.out,65536,d7be560359f1ef9fece372bf945f5cfcfb492aa1ffa158ca18b89f62410a7760,verified-existing
artifact/results/raw/varint_state/reorder/clang_o0.out,65536,d7be560359f1ef9fece372bf945f5cfcfb492aa1ffa158ca18b89f62410a7760,verified-existing
artifact/results/raw/varint_state/reorder/clang_o2.out,65536,d7be560359f1ef9fece372bf945f5cfcfb492aa1ffa158ca18b89f62410a7760,verified-existing
artifact/results/raw/varint_state/reorder/gcc_o0.out,65536,d7be560359f1ef9fece372bf945f5cfcfb492aa1ffa158ca18b89f62410a7760,verified-existing
artifact/results/raw/varint_state/reorder/gcc_o2.out,65536,d7be560359f1ef9fece372bf945f5cfcfb492aa1ffa158ca18b89f62410a7760,verified-existing
artifact/results/raw/varint_state/reseed/clang_o0.out,65536,d7be560359f1ef9fece372bf945f5cfcfb492aa1ffa158ca18b89f62410a7760,verified-existing
artifact/results/raw/varint_state/reseed/clang_o2.out,65536,d7be560359f1ef9fece372bf945f5cfcfb492aa1ffa158ca18b89f62410a7760,verified-existing
artifact/results/raw/varint_state/reseed/gcc_o0.out,65536,d7be560359f1ef9fece372bf945f5cfcfb492aa1ffa158ca18b89f62410a7760,verified-existing
artifact/results/raw/varint_state/reseed/gcc_o2.out,65536,d7be560359f1ef9fece372bf945f5cfcfb492aa1ffa158ca18b89f62410a7760,verified-existing
